ma502523p,N,Ns2,N = Ns,polybutadiene,polyethylene,poly(propylene oxide),deuterated polystyrene,polystyrene,N–0.6Ns–1,⟨X⃗p(t)·X⃗q(0)⟩,τ*(Ns)2,N2,alkanes,PDMS,Me,Cd(t) ≃ [ξ(t)/g(t)]2 ∝ ξ(t)2–2/ν,Cd
ma100470w,laura_clarke,poly(vinylmethyl siloxane),PVMS,−S−(CH2)n−OH,vinyl,−S−(CH2)n−CH3,siloxane,methyl,mercaptoalkanols,thiol−ene,methylene,−OH,mercaptoalkanol,−CH3,PVMS−S−(CH2)2−OH,PVMS−S−(CH2)2−CH3,PVMS−S−(CH2)6−OH,PVMS−S−(CH2)11−OH,PVMS−S−(CH2)11−CH3,poly(dimethylsiloxane),PDMS,PVMS−S−(CH2)n−CH3,alkyl,alkoxy-cure,Mn,toluene,azobis(isobutyronitrile)- (AIBN),HS−(CH2)n−OH,PVMS−,S−(CH2)n−OH,nitrogen,C = Aε′,mercaptoalkanol hydrocarbon,alkane,S−(CH2)2−OH,S−(CH2)6−OH,S−(CH2)11−OH,DCA,−(CH2)11−OH,S−(CH2)2−CH3,−(CH2)6−OH,−(CH2)2−OH,−S−(CH2)2−OH,-(CH2)2−OH,−(CH2)11−,−(CH2)11−CH3,−(CH2)11−OH estimate of 270−290 K,−S−,polyethylene,thiolene,−S−(CH2)6−OH,constant,C11−OH,−S−(CH2)11−OH,−(CH2)2−CH3,−S−(CH2)2−CH3,J.A.C.-W,J.G
ma502273a,Li,poly(acrylic acid),PAA,"poly(N,N-dimethylaminoethyl methacrylate)",PDMAEMA,poly(diallyldimethylammonium chloride),PDADMAC,PEC\P,PEM,PEMs,PEC,Poly(acrylic acid),poly(allylamine hydrochloride),PAH,Mn,polyethylenimine,3 M KCl,Milli-Q,KOH,HCl,KCl,chrome,quartz,3:1 v/v sulfuric acid,hydrogen peroxide,primary amine,1 M KCl,acrylic acid,quaternary amines,quaternary nitrogen,carboxyl,tertiary nitrogen,nitrogen,quaternary amine,tertiary amines,alkyl,NaCl,DMAEMA,Hydrogen,hydrogen,carbonyl,P.S.D
ma3016085,Azobenzene,Polyimides,Ohio 45432,azobenzene,trans–cis and cis–trans processes (trans–cis–trans),trans-azobenzene,azo,polycarbonate,polyimide,diamine,BAPB,DMAc,nitrogen,dry nitrogen,poly(amic acid),PAA,tris(azobenzeneamine),azo-20-CP2,polyimides,Cu,helium,cadmium,HeCd,CP2 polyimide,CP2,amino-azobenzene,pseudostilbene,Morawetz,azobenzenes,2 + 2,azobenzne,trifluoromethyl,anhydride,phenyl ether
ma3004899,Arylene,tetrafluorobenzene,octafluorobiphenyl,fluorinated arylene,Pd(OAc)2,PtBu2Me-HBF4,fluorine,transition-metal,organoboron,organotin,trialkyltin bromide,Ozawa,poly(3-alkylthiophene)s,C–H,fluorobenzenes,"1,2,4,5-tetrafluorobenzene","2,7-dibromo-9,9-dioctylfluorene",phenylene,K2CO3,dimethylacetamide,DMAc,pivalic acid,thiophene,dibromoarylene,phosphine,carboxylic acids,carboxylate,"2,7-dibromo-N-octadecylcarbazole",CHCl3,DMF,DMSO,H,carbazole,"3,6-dibromo-N-octadecylcarbazole","poly[(N-octadecylcarbazole-3,6-diyl)-(2,3,5,6-tetrafluoro-1,4-phenylene)]",tetrachloroethane,"3,6-POC-TP","2,8-dibromo-10,10-dioctyl-N-methylphenazasiline","poly[(10,10-dioctyl-N-methylphenazasiline-2,8-diyl)-(2,3,5,6-tetrafluoro-1,4-phenylene)]",PDOP-TP,19F,"2,2′,3,3′,5,5′,6,6′-octafluorobiphenyl","poly[(9,9-dioctylfluorene-2,7-diyl)-(2,2′,3,3′,5,5′,6,6′-octafluoro-4,4′-diphenylene)]",PDOF-OD,bithiophene,monothiophene,1H,dioctylfluorene,Pd,"octafluoro-4,4′-diphenylene",twisted diphenylene,phenazasiline,"poly[(9,9-dihexylfluorene-2,7-diyl)-(1,4-phenylene)]","poly(9,9-dioctylfluorene-2,7-diyl)",ITO,PEDOT,LiF,Al,"2,7-POC-TP",PDOF-TP,"Poly(ethylene-1,2-dioxy-thiophene)",poly(stylene surfonic acid),epoxy resin,Tripentaerythritol octaacrylate,TPEA,"3,6-Dibromo-N-octadecylcarbazole",nitrogen,JEOL,13C{1H},tetramethylsilane,TMS,hexafluorobenzene,polystyrene,"1,2-dichlorobenzene",dithranol,silica gel 60,"1,2,4,5-Tetrafluorobenzene","2,8-Dibromo-10,10-dioctyl-N-methylphenazasiline",ethylenediaminetetraaceticacid disodium,HCl,MeOH,hexane,Celite,CDCl3,2H,3H,24H,4H,Mn,"2,2′,3,3′,5,5′,6,6′-Octafluorobiphenyl",20H,xylene,polymer-2,chloroform,lithium fluoride,aluminum,silicon
ma802516a,Piperidine-4-one,2-12-1-H120,O-okayama,Telephone,1-(3-phenoxypropyl)piperidine-4-one,methanesulfonic acid,piperidine-4-one,1-ethylpiperidine-4-one,anisole,1H,13C,maleimide,azine,isatins,acenaphthenequinones,2-(4-phenoxyphenoxy)fluorenone,2-[4-(4-mercaptobutoxy)phenoxy]-9H-fluoren-9-one,4-substituted bicycle[2.2.0]octane-1-carboxylic acid,carboxylic acid,thiols,aryl-substituted piperidines,benzene,nitrogen,carbonyl,alcohol,MSA,THF,sodium,benzophenone,1H and 13C,CHCl3,NaHCO3,MgSO4,silica gel,hexane,ethyl acetate,"1-ethyl-4,4-bis(4-methoxyphenyl)piperidine",CDCl3,H,3 H,C21H27NO2,N,dichloromethane,Dodecane,dichloromethane-d2,"4,4-Bis(4-methoxyphenyl)piperidine",Piperidine-4-one hydrochloride,trifluoromethane sulfonic acid,1-Ethyl-4-(4-methoxyphenyl)piperdine-4-ol,Grignard reagent,magnesium,tetrahydrofuran,4-bromoanisole,dry tetrahydrofuran,1-(3-Phenoxypropyl)piperidine-4-one,ammonium chloride,2 H,C14H21NO2,piperidin-4-one hydrochloride,(4-bromobuthoxy)benzene,potassium carbonate,DMF,C14H19NO2,"4,4-Bis(4-methoxyphenyl)-1-(3-phenoxypropyl)piperidine",C28H33NO3,4-(4-Methoxyphenyl)-1-(3-phenoxypropyl)piperidine-4-ol,1 H,C21H27NO3,KOH,octane thiol,Ar−H,CH2,S−CH2− of octane thiol,−CH2−CH2− of octane thiol,-CH3 of octane thiol,ketone,cyclohexanone,trifluoromethanesulfonic acid,TFSA,diarylated piperidines,ketones,ammonium,carbonyl carbon,amine,methyl,methoxy,4-methoxyphenyl magnesium bromide,alcohol 3 with anisole,anisolyl,aromatic C−H,aromatic C−C,chloroform,thioketal,1-methyl-2-pyrrolidinone,"4,4-bis(4-methoxyphenyl)-1-(3-phenoxypropyl)piperidine",4-(4-methoxyphenyl)-1-(3-phenoxypropyl)piperidine-4-ol,aromatic,carbon,quaternary carbon,diarylated piperidine
acs.macromol.5b02481,poly(N-(n-propyl)glycine),poly(N-methylglycine),N-alkylglycine N-carboxyanhydrides,NCAs,poly(N-alkylglycine)s,poly(α-peptoid)s,Polypeptoids,polysarcosine,"polyethylene-block-poly(N,N-dimethylacrylamide)",N-tert-Butyloxycarbonyl(Boc)-N-methylglycine,Boc-Sar-OH,phosphorous trichloride,PCl3,glyoxylic acid monohydrate,n-propylamine,n-heptanes,Ethyl acetate,EtOAc,methanol,MeOH,LiChrosolv,N-methyl-2-pyrrolidone,NMP,benzonitrile,PhCN,Benzylamine,acetic anhydride,Ac2O,dichloromethane,DCM,cyclohexane,cHex,calcium hydride,argon,CaCl2,N-methylglycine,sarcosine,N-carboxyanhydride,N-Boc-N-methylglycine,1H,DMSO-d6,2H,N-(n-propyl)glycine N-carboxyanhydride,PrGlyNCA,glyoxylic acid,silica,CDCl3,poly(N-(n-propyl)glycine)x-block-poly(N-methylglycine)y,PxMy,poly(N-(n-propyl)glycine)70,∼144H,∼216H,13C,PMMA,SEC,∼143H,∼145H,∼148H,MEL,CHCl3,CDCl3: δ 1H,DMSO-d6: δ 1H,LiBr,polyester,poly(methyl methacrylate),titanium,nitrogen,quartz,propane,platinum,poly(N-(n-propyl)glycine)70-block-poly(N-methylglycine)y,P70My,Mn,Poly(N-methylglycine),poly(N-isopropylacrylamide)s,poly(2-isopropyl-2-oxazoline)s,poly(2-alkyl-2-oxazoline)s,ethanol,all-trans M23,exotherm,N-alkylglycine,Carmen
ma801563s,Cyclotriphosphazene,Li,Telephone,cyclotriphosphazene,"2,4-di(4-bromoaryl)-2,4,6,6-tetra(phenoxy)-cyclotriphosphazene","2,4-di(4-bromoaryl)-2,4,6,6-tetra(ethoxy)-cyclotriphosphazene",hexachlorocyclotriphosphazene,sodium 4-bromo-aryloxides,"Poly(9,9-dialkylfluorene)s",fluorene,"poly(9,9-dialkylfluorene)s",keto,silicon,oligofluorene,poly(fluorene)s,nitrogen,phosphorus,(PN)3Cl6,Cl,Hexachlorocyclotriphosphazene,ethyl acetate,1H,13C,31P,CDCl3,Tetramethyl silane,TMS,phosphoric acid,H,N,polystyrene,THF,Cu,Xenon,quinine sulfate,H2SO4,"cis-2,4-Dichloro-2,4,6,6-tetra(phenoxy)cyclotriphosphazene",Sodium phenoxide,phenol,tetrahydrofuran,sodium hydride,chloroform,hydrochloric acid,magnesium sulfate,hexane,"trans-/cis-2,4-Di(4-bromophenoxyl)-2,4,6,6-tetra(phenoxy)cyclotriphosphazene",Sodium 4-bromophenoxide,4-bromophenol,sodium 4-bromophenoxide,KBr,C36H28Br2N3O6P3,"trans-/cis-2,4-Di(4-(4-bromophenyl)phenoxy)-2,4,6,6-tetra(phenoxy)cyclotriphosphazene",4-(4-bromophenoxyl)phenol,12H,C48H36Br2N3O6P3,"trans-/cis-2,4-Di(4-bromophenoxy)-2,4,6,6-tetrachlorocyclotriphosphazene (trans-/cis-6) and gem-2,2-di(4-bromophenoxy)-4,4,6,6-tetrachlorocyclotriphosphazene",geminal-6,C12H8Br2Cl4N3O2P3,"trans-2,4-di(4-bromophenoxy)-2,4,6,6-tetra(ethoxy)cyclotriphosphazene",C20H28Br2Cl4N3O6P3,"cis-2,4-di(4-bromophenoxy)-2,4,6,6-tetra(ethoxy)cyclotriphosphazene","trans-/cis-2,4-Di(4-(4-bromophenyl)phenoxy)-2,4,6,6-tetrachlorocyclotriphosphazene (trans-/cis-8), and gem-2,2-Di(4-(4-bromophenyl)phenoxy)-4,4,6,6-tetrachlorocyclotriphosphazene",C24H16Br2Cl4N3O2P3,"trans-2,4-di(4-(4-bromophenyl)phenoxy)-2,4,6,6-tetra(ethoxy)cyclotriphosphazene",P(OC2H5)(OC6H4C6H4Br),C32H36Br2N3O6P3,"cis-2,4-di(4-(4-bromophenyl)phenoxy)-2,4,6,6-tetra(ethoxy)-cyclotriphosphazene",Pd(PPh3)4,"9,9-dialkylflourene-2,7-bis(trimethyleneborate)",toluene,K2CO3,Aliquat 336,hydrazine,CHCl3,HCl,methanol,(C61H60N3O6P3)n,(C65H68N3O6P3)n,(C73H84N3O6P3)n,22H,(C73H68N3O6P3)n,(C77H77N3O6P3)n,(C77H76N3O6P3)n,(C85H92N3O6P3)n,P(OC2H5)2,P(OC2H5)(Ar),C45H60N3O6P3,C57H68N3O6P3,"2,4-dichloro-2,4,6,6-tetra(phenoxy)-cyclotriphosphazene (trans/cis-2)",sodium phenoxide,sodium 4-(4-bromophenoxy)phenoxide,sodium ethoxide,methylene,OCH2CH3,P(OCH2CH3)2,P(OCH2CH3)(OC6H4C6H4Br),biphenyl,CH2,CH3,cyclotriphosphazenes,Mn,xylenes,dialkyl,alkyl,hexyl,dodecyl,alkyl−alkyl,aryl−aryl,ethoxy,phenoxy,quartz,hexa(aryloxy)cyclotriphosphazene,aryloxy,oxygen,fluorenone,"poly(9,9-dihexylfluorene)",PLED,Ca,Ag,aryl,keto-defect
ma101240j,PMMA,Li,*Corresponding author,silica,polystyrene,Sternstein,TMPC,C60,silicate,toluene,aluminum,deuterated PMMA,nitrogen,hydrogen,polybutadiene,deuterium
ma702526u,Vinylidene Fluoride,Hexafluoropropylene,Carbon Dioxide,Hexafluoropropylene-Content,Tel,vinylidene fluoride,hexafluoropropylene,HFP,carbon dioxide,perfluorobutyryl peroxide,Mn,carbon-dioxide,PVDF,perfluorooctanoic acid,PFOA,scCO2,HFP-content poly(VF2-co-HFP),poly(VF2-co-HFP),Carbon dioxide,argon,O2,CO2,N2,Perfluorobutyryl peroxide,[C3F7COO]2,"1,1,2-trichloro-1,2,2-trifluoroethane",Freon 113,NaCl,dry ice,iodine,poly(acrylic acid),acetone,H2,oxygen,Acetone,Tetrahydrofuran,polystyrene,Hydrogen,carbon,fluorine,Fluorine-19,acetone-d6,trichlorofluoroethane,CFCl3,indium,nitrogen,19F,F-EA,−CH2CF2CH2CF−,CF2,−CH2CF2CF2CF(CF3)−,−CH2CF2CF2CH−,CF3,−CF2CF(CF3)−,−117,–126,−CF3,−CF2 fluorine,–117,hydrocarbon,ICF2,hydrogen,HFP poly(VF2-co-HFP),"−d, 4a−d",fluoropolymers,"7a−d, 8a−d, and 9a−d",Mo,ΔV*p − 1/2ΔV*t,vinyl,ΔV*t = +19 L,constant,diethyl peroxydicarbonate,(fHFP)in,acetonitrile
ma501078e,Carboxylate,Benzodithiophene,*(M.K.) E-mail,carboxylate-substituted dibrominated benzodithiophene,"2,5-distannylthieno[3,4-b]thiophene",PBDTC-TT,ITO,PEDOT,LiF,Al,fullerene,"benzo[1,2-b:4,5-b′]dithiophene",BDT,alkoxy,alkyl,dialkoxy,"thieno[3,4-b]thiophene carboxylate","dicarboxylate-substituted 4,8-benzo[1,2-b:4,5-b′]dithiophene",alkyl ester,"poly[4,8-benzo(1,2-b:4,5-b′)dithiophenedicarboxylate-alt-thieno(3,4-b)thiophene]","thieno[3,4-b]thiophene",1H,13C,JEOL,CDCl3,H,N,argon,Mn,polystyrene,THF,"1,1,1,3,3,3-hexamethyldisilazane",SiO2,Au,GRAIL10-HELIPS-4-HT,Toluene,tetrahydrofuran,"2,5-Dibromo thieno[3,4-b]thiophenes",dodecyl,"3,4-dibromothiophene",alkynyl,sulfur,butyllithium,N-bromosuccinimide,NBS,"Poly(3,4-ethylenedioxythiophene)-poly(styrenesulfonate)","[6,6]-phenyl C71-butyric acid methyl ester (PC70BM)","Didodecyl 2,6-Dibromo-4,8-benzodithiophenedicarboxylate",BDTC-Br2,bromine,dichloromethane,Ar,Na2S2O3,Na2SO4,2H,C36H52Br2O4S2,"2-Hexyl-4,6-bis(trimethylstannyl)thieno[3,4-b]thiophene",hexane,Trimethyltinchloride,diethyl ether,C18H32S2Sn,"2-Dodecyl-4,6-bis(trimethylstannyl)thieno[3,4-b]thiophene",TT2-Sn2,TT2-Br2,C24H44S2Sn: C,PBDTC-TT1,dry toluene,tetrakis(triphenylphosphine)palladium(0),Pd(PPh3)4,methanol,acetone,chloroform,57H,4H,C48H68O4S4,PBDTC-TT2,PBDTC,71H,C54H80O4S4,ethanol,ozone,N2,o-dichlorobenzene,4 Pa,Br2,Me3SnCl,CHCl3,poly(3-hexylthiophene),P3HT,PCBM,dodecyl ester,hexyl,PC70BM,PBDTC-TT1:PC70BM,PBDTC-TT2:PC70BM,PBDTC-TT1:PC70BM BHJ,PBDTC-TT2 and PC70BM,benzodithiophene dicarboxylate,TT-Br
ma9015483,Enantiomeric Substituted Poly(lactide)s,Poly[(S)-2-hydroxybutyrate],Poly[(R)-2-hydroxybutyrate],*Corresponding author,Telephone,polyester,R-poly(α-methyl-α-ethyl-β-propiolactone)s,PMEPLs,2-hydroxymethyl-2-methyl-butanoic acid,β-hydroxycarboxylic acid,α-carbon,poly[(S)-lactide],PSLA,poly[(R)-lactide],PRLA,poly(lactide),PLA,lactic acid,2-hydroxypronanoic acid,α-hydroxycarboxylic acid,polyesters,α-carbons,S- and R-polyesters,β-carbons,poly(β-proriolactone)s,chlorides,β-hydroxycarboxylic acids,S-polyesters,poly(2-hydroxybutyrate),poly(2-hydroxybutyric acid),poly(2-hydroxybutanoic acid),2-hydroxybutanoic acid,methyl,ethyl,poly[(S)-2-hydroxybutyrate],poly[(R)-2-hydroxybutyrate],P(S-2HB),P(R-2HB),Mn,(S)- and (R)-2-hydroxybutanoic acids,hydroxybutyric acids,Co,dichloromethane,chloroform,methine,1H,phenyllactic acid,nitrogen gas,Cu,PLLA,PDLA,ethyl side,P(2HB),poly[(S)-3-hydroxybutyrate],poly[(R)-3-hydroxybutyrate] [isomers of P(S-2HB) and P(R-2HB)],poly[(S)-3-hydroxyvalerate],poly[(R)-3-hydroxyvalerate],Kato,No. 19500404
ma5014397,Bithiazole,bithiazole,Pd,chalcogen,Se,thiophene,"poly(3-hexylthiophene-2,5-diyl)",thiazole,C–H,Thiazole,"4,4′-dinonyl-2,2′-bithiazole",dibromoarylenes,"2,7-dibromo-9,9-dioctylfluorene",Pd(OAc)2,pivalic acid,PivOH,K2CO3,dimethylacetamide,DMAc,"4,7-dibromobenzothiadiazole","poly[(4,4′-dinonyl-2,2′-bithiazole-5,5′-diyl)-(benzothiadiazole-4,7-diyl)]",CHCl3,H,"1,1,2,2-tetrachloroethane-d4",1H,bithiophene–benzothiadiazole,Mn,alkyl,2-ocyldodecyl,"4,7-dibromobenzoxadiazole",C–C,"4,7-dibromobenzoselenadiazole",hexane,"selenopheno[3,4-c]pyrrole-4,6-dione",benzoxadiazole,S,O,fluorene,benzothiadiazole,ethyl,bithiophene,thiophene–benzothiadiazole,benzotriazole,quinoxaline,Ar,long alkyl chain,"4,7-Dibromo-2,1,3-benzothiadiazole","4,7-dibromo-2,1,3-benzoselenadiazole","4,4′-Dinonyl-2,2′-bithiazole","4,7-dibromo-2,1,3-benzoxadiazole","4,7-dibromo-2-(2-ethylhexyl)-2H-benzotriazole",1-bromo-2-octyldodecane,polystyrene,o-dichlorobenzene,dithranol,nitrogen,silica gel 60,EtOAc,Cu,TG-DTA,4-Octyltetradodecane-2-one,magnesium,diethyl ether,iodide,Grignard reagent,acetic anhydride,ammonium chloride,sodium sulfate,silica gel,CDCl3,2H,13C{1H},1-Bromo-4-octyltetradodecane-2-one,Bromine,4-octyltetradodecane-2-one,methanol,sulfuric acid,chloroform,"4,4′-Di(2-octyldodecyl)-2,2′-bithiazole",dithiooxamide,ethanol,12H,C46H84N2S2,N,C46H85N2S2,"Poly[(4,4′-dinonyl-2,2′-bithiazole-5,5′-diyl)-(2,1,3-benzothiadiazole-4,7-diyl)]","4,7-dibromo-2,1,3-benzothiadiazole",ethylenediaminetetraacetic acid disodium,HCl,4H,24H,6H,"1,1,2,2-tetrachloroethane-d2",C2D2Cl4,"Poly[(4,4′-di(2-octyldodecyl)-2,2′-bithiazole-5,5′-diyl)-(2,1,3-benzothiadiazole-4,7-diyl)]",P1′,"4,4′-di(2-octyldodecyl)-2,2′-bithiazole",32H,"Poly[(4,4′-dinonyl-2,2′-bithiazole-5,5′-diyl)-(2,1,3-benzoxadiazole-4,7-diyl)]","Poly[(4,4′-dinonyl-2,2′-bithiazole-5,5′-diyl)-(2,1,3-benzoselenadiazole-4,7-diyl)]","Poly[(4,4′-dinonyl-2,2′-bithiazole-5,5′-diyl)-(2-(2-ethylhexyl)-2H-benzotriazole-4,7-diyl)]","Poly[(4,4′-dinonyl-2,2′-bithiazole-5,5′-diyl)-(2,3-dimethylquinoxaline-5,8-diyl)]","5,8-dibromo-2,3-dimethylquinoxaline",10H
ma801293j,Epoxy Resins,Endo*,Tel,1-ethyl-3-methylimidazolium bis(trifluoromethanesulfonyl) imide,EMImTFSI,bisphenol A diglycidyl ether,BADGE,epoxy,tetraethylenepentamine,TEPA,1-Ethyl-3-methylimidazolium bis(trifluoromethanesulfonyl)imide,1-benzyl-3-methylimidazolium bis(trifluoromethanesulfonyl)imide,BMImTFSI,Bisphenol A diglycidyl ether,1-hexyl-3-methylimidazolium bis(trifluoromethanesulfonyl)imide,HMImTFSI,lithium bis(trifluoromethanesulfonyl)imide,LiTFSI,"N,N,N′,N′-Tetraglycidyl-diaminodiphenylmethane","N,N,N′,N′-tetraglycidyl-m-xylenediamine",Co,polytetrafluoroethylene,PTFE,Tetrad-X,aluminum,alumina,methanol,acetone,Acetone,amine,epoxy resin,epoxides,hexyl,benzyl,TEPA-EMImTFSI
ma5002047,BODIPY,Aza,boron dipyrromethene,"(2,5-bis(2-(2-(2-(pyridin-2-yloxy)ethoxy)ethoxy)ethoxy)-1,4-phenylene)diboronic acid",acetic acid,ITO,Ca,LiF,Al,Organoboron,organoboron,boron,boron quinolate,aluminum quinolate,thienyl-BODIPY,PC61BM,"2,9-dimethyl-4,7-diphenyl-1,10-phenanthroline",–4 [cm2 V–1 s–1],1H,13C,JEOL,tetramethylsilane,TMS,CDCl3,11B,BF3,Mn,THF,CHCl3,Polystyrene,DTA6220,nitrogen,platinum,aluminum,BAS,Cu,Diiodo-substituted Aza-BODIPY,(E)-1-(4-iodophenyl)-3-phenylprop-2-en-1-one,"(2,5-Bis(2-(2-(2-(pyridin-2-yloxy)ethoxy)ethoxy)ethoxy)-1,4-phenylene)diboronic acid",Ph′,"2-Dicyclohexylphosphino-2′,6′-dimethoxybiphenyl",tris(dibenzylideneacetone)dipalladium(0),Co,boron trifluoride diethyl etherate,cesium carbonate,Tetrahydrofuran,triethylamine,NEt3,nitrogen-filled,2-propanol,ozone,toluene,Diethylamine,ethyl nitroacetate,ethanol,Acetic acid,Ar–H,−CH−,2H,−CH3,[M + H]+,formamidinesulfinic acid,cyclopentyl methyl ether,CPME,magnesium sulfate,methanol,blue powder,−NH−,−OCHH2CH3,NaOH,HCl,DMSO-d6,−COOH,[M–H]−,Trifluoroacetic acid,triethyl orthoformate,sodium hydrogen carbonate,silica gel,hexane,−CHO,CH2Cl2,BF3·OEt2,11H,−CH=,C33H21BF2I2N2: C,H,N,S-Phos,−CH2−,16H,palladium,"2-(2′,6′-dimethoxybiphenyl)dicyclohexylphoshine",tris(dibenzylideneacetone),2-pyridyl,AcOH,polystyrenes,iodide,Cyclic Voltammetries,dialkoxybenzene,oxygen molecule,dimethoxybenzene
ma800380r,"5,6-Dihydrodicyclopentadiene",Ethylene,Na,Cyclopentadiene,dicyclopentadiene,naphtha,cyclopentadiene,olefins,cycloolefin,vinyl,ethylene,Ticona,DCPD,hydrogen,HDCPD,polyethylene,1-octene,"1,4,5,8-dimethano-1,2,3,4,4a,5,8,8a-octahydronaphthalene",DMON,(Ph3C)+[B(C6F5)4]−,Ti,Mn,chloroform,1H−13C,methylene carbon,methine,carbon,13C-DEPT,methylene,carbons,1H,1H−1H,13C,cyclopentene,bis(phenoxyimine)titanium,norbornene,cyclopentane,ethylene/dicyclopentadiene,"5,6-dihydrodicyclopentadiene",1H and 13C
ma702429r,Poly(ethylene oxide),Minnesota 55455,poly(ethylene oxide),PEO,poly(ethylene oxide)−dimethyl ether,poly(methyl methacrylate),PMMA,poly(lactide),PLA,poly(vinyl acetate),PVAc,poly(styrene),poly(vinyl methyl ether),PVME,poly(phenylene oxide),PPO,"1,4-polyisoprene",poly(vinylethylene),PVE,polycarbonate,poly(ε-caprolactone),PCL,poly(vinylidene fluoride),PVDF,tricresyl phosphate,toluene,dimethyl,dibutyl,dioctyl phthalate,poly(o-chlorostyrene),poly(α-methylstyrene),PEO−DME,hydroxyl,methoxy,hydrogen,tetramethylene glycol methyl ether,TGME,poly(ethylene glycol),Mn,PEO ether oxygen,carbonyl carbon,poly(lactic acid),"2,6-di-tert-butyl-4-methylphenol",Methylene chloride,chloroform,nitrogen,"Tg,PMMA",aluminum,indium,Helium,"Tg,PEO−DME",methylene dichloride,PEO-1000
ma902840d,Benzaldehydes,Vinyl,Ethers,Cinnamaldehydes,*Corresponding author,Aromatic aldehydes,styrene,isoprene,vinyl ethers,VEs,Lewis acids,Lewis bases,benzaldehyde,BzA,isobutyl vinyl ether,IBVE,GaCl3,VE,p-methoxyBzA,pMeOBzA,2-chloroethyl VE,CEVE,acetal,glassy BzA,ethanesulfonic acid,EtSO3H,"1,4-dioxane",Lewis base,toluene,Mn,aldehyde,"2,6-di-tert-butylpyridine",DTBP,1H,methine,VE−BzAs,methyl,methoxy,acetal methine,anisaldehyde,dimethylacetal,vinyl ether,poly(pMeOBzA-co-IBVE),poly(BzA-co-CEVE),poly(BzA-co-IBVE),poly(IBVE),poly(alkyl vinyl ethers),Tetrahydrofuran,(THF)−HCl,THF,cinnamaldehyde,CinA,p-methoxyCinA,Mn 30600,HCl,aldehydes,13C
ma062887a,J.-F,citrate,cerium oxide,CeO2,iron oxide,γ-Fe2O3,maghemite,europium,yttrium vanadate,Eu,YVO4,poly(trimethylammonium ethylacrylate)-b-poly(acrylamide),PTEA-b-PAM,PTEA5K-b-PAM30K,ytttrium vanadate,rare-earth complexes,Rhodia,iron II and iron III,citric acid,sodium,sodium citrate,quaternary ammonium,methyl sulfate,Vpol,toluene,ITol,ℛ(X),"ℛ(q0,c,X)/ℛ∞",constant,ℛunagg(X),PTEA,"charges.48,63,64",PTEA11K-b-PAM30K,H-bonding60,cerium,iron oxides
acs.macromol.6b00247,carbon,C–C,polyethylene,polystyrene,polypropylene,"poly(N,N-dimethylacrylamide)",PDMA,"poly(N,N-diethylacrylamide)",PDEA,polyacrylamide,PAAm,PG2,poly(glycidyl methacrylate),PGMA,PGMA-g-PS44,PGMA-g-PS105,"poly[2,5-bis(4-carboxylic phenyl)styrene]",PBCPS,poly(vinyl stearate),PVS,Mn,tetrahydrofuran,quartz,H2SO4,H2O2,nonane,H,PG5,alkane,−C17H35,methyl,phenyl
acs.macromol.6b00141,Thiol–Epoxy–Acrylate,Thiol–Acrylate,Thiol,Epoxy,pp 4115–4123,Thiol–epoxy–acrylate,thiol,acrylate,epoxy,"1,8-diazabicyclo[5.4.0]undec-7-ene",DBU,thiols,epoxide,acrylates,thiol–ene,thiol–(meth)acrylate,thiol–isocyanate,oxygen,isocyanate,thiol–ene–acrylate,thiol–yne–acrylate,thiol–isocyanate–acrylate,epoxy–acrylate,thiol–acrylate,Difunctional thiol glycol di(3-mercaptopropionate),Trifunctional thiol trimethylolpropane tris(3-mercaptopropionate),thiol pentaerythritol tetrakis(3-mercaptopropionate),epoxy D.E.R,long-chain difunctional acrylate,poly(propylene oxide),urethane,DAC,DMA,palladium,epoxy E2,long-chain difunctional acrylate A2,Mf,thiol–epoxy–acrylate,SH4 thiol,DMA Characterization,Mc,polyurethane,difunctional thiol
ma3008702,Polypropylene,polypropylene,propylene,ethylene,p-xylene,polyethylenes,SEC,polyolefin,ethylene–propylene,propylene-copolymerized polyethylenes,Ziegler,xylene,ethylene–1-pentene,(semi)crystalline,SASOL,"2,6-di-tert-butyl-4-methylphenol",BHT,polystyrene,Irganox 1010,quartz,acetone,germanium,aluminum,Al,Nitrogen,constant,Mn,vanadium,polyethylene,Ge,LDPE,Tc,MMD,propylene-copolymerized,Propylene
ma100726z,Nicel,poly(styrene-copolymer-hydroxyethyl methacrylate-2-bromoisobutyryl bromide),p(St-co-HeBiB),n-isopropylacrylamide,NIPAM,bromine,nitrogen,pNIPAM,poly(n-isopropylacrylamide),hydrogen,amide,2′-azobis(isobutyronitrile),AIBN,nitroxide,Armes,pHEMA,methyl methacrylate,MMA,sugar,silicon,styrene,bromoester,2-Hydroxyethyl methacrylate,HEMA,alumina,N-Isopropylacrylamide,hexane,2-Bromoisobutyryl bromide,2-BiBB,"N,N,N′,N′,N′′-pentamethyldiethylenetriamine",PMDETA,"2,2′-azobis(isobutyronitrile)",chloroform,Milli-Q,Tetrahydrofuran,THF,1H,mercury,cadmium−telluride,N2,platinum,aluminum,Nickel,indium,VE3580,GMHHR-M,ViscoGel,poly(styrene),poly(methyl methacrylate),Al,silicon nitride,HeBiB,2-hydroxylethyl methacrylate-2-bromoisobutyryl bromide,hydrofluoric acid,H2O,MeOH,transition metal,methanol,pHeBiB,−CH,−CH2,−CH3,carbonyl ester,−C═O,polystyrene-poly(methyl methacrylate),polystyrene−poly(methyl methacrylate),PMMA,polystyrene,poly(ethylene oxide),poly(vinyl acetate),constant,silanol,Br,Bromine,copper,oxygen:nitrogen:carbon,O,N,oxygen,methyl,isopropyl,secondary amide,−N−H,primary amide −C═O,PNIPAM,DMR-06-02896,DMR-1006776
ma071759z,Polystyrene,Nagoya 468-8511,syndiotactic polystyrene,sPS,acetone,methanol,CO2,ethylbenzene,Mn,toluene,chloroform,graphite,Cu,vinylidene fluoride−trifluoroethylene,Co
ma801802d,Cavendish Laboratory,azobenzene,A3MA,cis-state,trans-azobenzene,cis-azobenzene,cis-nematogens,azo-concentrations,diacrylate,monoacrylate,monoacrylate C61BP,azobenzene A3MA,Irg819,C6M,acrylates,methacrylates,dimethacrylate azobenzene,azo-dye A3MA,polyimide,acrylate,poly(C6M),dichroitic,C61BP,Hg,ATR,O−CH3,C═O
acs.macromol.5b02319,Ting,Ge,‡ P,N,O,OKN,Ne,magenta,aNe,blue line,kTR3,N2,< O < OKN,Gaussian r ≈ bg1,Rg2 ∼ N2/3(1 – const·N–1/3),s-PP,N monomers(36)with 0,3 Summary,polystyrene,polyisoprene,2df + (1 – θ)dp + θ,ζ0(t1) ≈ ζe(t1)/Ne(t1) and ζ0(t2) ≈ ζe(t2)/Ne(t2),DMR-1436201,DMR-1121107,1UH2HL123645
ma902247y,Poly(l-lactide),POLYMAT,*Corresponding author,PLLA,polyethylene,polypropylene,polyamide 6,poly(ethylene terephthalate),PET,poly(butylene terephtalate),PBT,poly(phenylene sulphide),PPS,polycarbonate,poly(hydroxybutyrate),PHB,poly(l-lactide),MAP,RAP,density polyethylene,polylactide,poly(ethylene naphthalate),PEN,oxygen,orthopositronium,o-Ps,parapositronium,p-Ps,Parapositronium,constant,poly(ethylene terephtalate),poly(3-hydroxybutyrate-co-3-hydroxyvalerate),poly(tetrafluoroethylene),PTFE,perfluoro,propyl vinyl ether,PFA,Mn,Biomer,aluminum,nitrogen,PLA,PDLLA,Cu,chloroform,Si3N4,halo,"τ3,RAF",Li,"fV,app = I3νf(τ3)",Landel,poly(styrene),MAT2005-03358,85-IT-274-07,GIC07-IT-338-07
ma900838v,Poly(2-isopropyl-2-oxazoline)s,Kyoto 615-8510,poly(2-isopropyl-2-oxazolines) (HM-PiPrOx),α-n-octadecyl-ω-hydroxyl,"α,ω-di-n-octadecyl",H2O,D2O,telechelic HM-poly(ethylene oxides),HM-poly(N-isopropylacrylamides),PiPrOx 7000,n-octadecyl,hydrogen,PiPrOx,poly(ethylene oxide),PEO,long alkyl,alkyl,perfluoroalkyl,telechelic poly(2-alkyl-2-oxazolines),2-alkyl-2-oxazolines,HM-poly(N-isopropylacrylamide),PNIPAM,N-isopropylacrylamide,NIPAM,Mn,HM-poly(2-isopropyl-2-oxazolines),tertiary amide,2-isopropyl-2-oxazoline,tetrahydrofuran,poly(2-alkyl-2-oxazolines),amide dipoles,isopropyl,amide dipole,poly(2-ethyl-2-oxazolines),PEtOx,amide,C18-PiPrOx-C18,C18-PiPrOx-OH,Milli-Q,Deuterium oxide,dimethyl sulfoxide,DMSO,Me-PiPrOx-OH,methyl p-tosylate,N2,Vp,Me-PiPrOx-OH 10K and HM-PiPrOxs,carbon,Cu,phosphotungstic acid,−180 J mol−1 C−1,−107 J mol−1 C−1,poly(vinylcaprolactam),pluronic,poly(N-n-propylacrylamide),polyoxazolines,C18-PiPrOx-OH 13K,HM-PiPrOx-OH,C18-PiPrOx-OH 7K,C18H37,n-octadecane,amide nitrogens,H,hydrated,polyester,H2O vs D2O,iPrOx,C18-PiPrOx-C18 7K,C18-PiPrOx-C18 13K,TLo transition of C18-PiPrOx-C18 7K,diphenylhexatriene,DPH,HM-PiPrOx,C18-PNIPAM-C18,tertiary amide nitrogens
ma302434c,Li,*Tel,(1→4)-2-Amino-2-deoxy-β-d-glucan,N-(2-hydroxyethyl)prop-2-enamide,HEPE,amino,chromone-3-carboxaldehyde,chromone,H,maleic anhydride,N-isopropylacrylamide,NIPAM,acrylic acid,nitroxide,TEMPO,chitosan-graft-poly(N-isopropylacrylamide),phthalic anhydride,tosylic acid,hydroxyls,acetal,arylboronic esters,poly(N-(2-hydroxyethyl)prop-2-enamide),PHEPE,"S,S′-bis(R,R′-dimethyl-R″-acetic acid)trithiocarbonate",BDACT,aldehyde,Schiff base,Co,N-(2-Hydroxyethyl)prop-2-enamide,acetone,aluminum oxide,Chromone-3-carboxaldehyde,"S,S′-Bis(R,R′-dimethyl-R″-acetic acid)trithiocarbonate",PEO,NaNO3,HCl,argon,oxygen,60Co,ammonia,methanol,1H,Chromone,acetic acid,ethanol,LEchromone,acetate,Wchromone,vanillin,vinyl,thiocarbonylthio,styrene,polypropylene,cumyl phenyldithioacetate,trithio,−CH2,C–N,phenyl,C═N,−NH2,CDCl3
ma1027164,Quinoxaline,Narrow-Band-Gap,Guangzhou 510640,thiophene,quinoxaline,"5,8-bis(5-bromothiophen-2-yl)-2,3-bis(5-octylthiophen-2-yl)quinoxaline",phenazine,"8,11-bis(5-bromothiophen-2-yl)-2,5-dioctyldithieno[2,3-a:3′,2′-c]phenazine",TTPz,D−A,phenyl-substituted quinoxaline,polycyclic aromatic,fullerene,silicon,"(6,6)-phenyl-C61-butyric acid methyl ester",PC61BM,"(6,6)-phenyl-C71-butyric acid methyl ester",PC71BM,Poly(3-hexylthiophene),P3HT,fluorene,carbazole,silafluorene,benzothiadiazole,"thieno[3,4-c]pyrrole-4,6-dione",quinoxaline-based D−A,N-heterocycle,"poly[2,7-(9,9-dioctylfluoren)-alt-5,5-(5′,8′-di-2-thinenyl-(2′,3′-bis(3′′-octyloxyphenyl)quinoxaline))]",APFO-15,"poly[2,3-bis(3-octyloxyphenyl)quinoxaline-5,8-diyl-alt-thiophene-2,5-diyl]",benzene,"poly[2,7-(9,9-dioctylfluoren)-alt-5,5-(5′,8′-di-2-thinenyl-(2′,3′-bis(5′′-octylthiophen-2′′-yl)quinoxaline))]",PFTTQx,"poly[2,7-(9,9-dioctylfluoren)-alt-5,5-(8′,11′-di-2-thinenyl-(2′,5′-dioctyldithieno[2′,3′-a:3′′,2′′-c]phenazine))]",PFTTPz,"poly[N-9′-heptadecanyl-2,7-cabazole-alt-5,5-(5′,8′-di-2-thinenyl-(2′,3′-bis(5′′-octylthiophen-2′′-yl)quinoxaline))]",PCzTTQx,"poly[N-9′-heptadecanyl-2,7-cabazole-alt-5,5-(8′,11′-di-2-thinenyl-(2′,5′-dioctyldithieno[2′,3′-a:3′′,2′′-c]phenazine))]",PCzTTPz,benzene-substituted quinoxaline,polycyclic aromatic ring,"1,2-Bis(5-octylthiophen-2-yl)ethane-1,2-dione","3,6-dibromobenzene-1,2-diamine","2,7-bis(4,4,5,5-tetramethyl-1,3,2-dioxaborolan-2-yl)-9,9-dioctylfluorene","2,7-bis(4′,4′,5′,5′-tetramethyl-1′,3′,2′-dioxaborolan-2′-yl)-N-9′′-heptadecanylcarbazole","5,8-Dibromo-2,3-bis(5-octylthiophen-2-yl)quinoxaline","1,2-bis(5-octylthiophen-2-yl)ethane-1,2-dione",acetic acid,dichloromethane,magnesium sulfate,silica gel,1H,CDCl3,2H,13C,C32H40Br2N2S2,H,"2,3-Bis(5-octylthiophen-2-yl)-5,8-di(thiophen-2-yl)quinoxaline",PdCl2(PPh3)2,2-(tributylstannyl)thiophene,dimethylformamide,DMF,nitrogen,NaHCO3,C40H46N2S4,"5,8-Bis(5-bromothiophen-2-yl)-2,3-bis(5-octylthiophen-2-yl)quinoxaline",tetrahydrofuran,THF,N-bromosuccinimide,NBS,C40H44Br2N2S4,"8,11-Dibromo-2,5-dioctyldithieno[2,3-a:3′,2′-c]phenazine",dry dichloromethane,FeCl3,CH3NO2,anhydride methanol,C32H38Br2N2S2,"2,5-Dioctyl-8,11-di(thiophen-2-yl)dithieno[2,3-a:3′,2′-c]phenazine",Pd(PPh3)4,C40H44N2S4,"8,11-Bis(5-bromothiophen-2-yl)-2,5-dioctyldithieno[2,3-a:3′,2′-c]phenazine",C40H42Br2N2S4,"2,7-Bis(4,4,5,5-tetramethyl-1,3,2-dioxaborolan-2-yl)-9,9-dioctylfluorene",tris(dibenzylideneacetone)dipalladium(0),tri(o-tolyl)phosphine,toluene,tetraethylammonium hydroxide,argon,methanol,acetone,"1,2-dichlorobenzene",PTFE,12H,"1,2,4-trichlorobenzene",polystyrene,Mn,(C69H84N2S4)n,N,ODCB-d4,(C69H82N2S4)n,4H,(C69H85N3S4)n,(C69H83N3S4)n,deuterated chloroform,ODCB,tetramethylsilane,TMS,Co,N2,platinum,Pt,Ag,AgCl,KCl,acetonitrile,tetrabutylammonium hexafluorophosphate,Bu4NPF6,indium tin oxide,ITO,"poly3,4-ethylenedioxythiophene polystyrenesulfonate",PEDOT,Ba,Al,isopropyl alcohol,oxygen,barium,aluminum,Si,"5,8-dibromo-2,3-bis(5-octylthiophen-2-yl)quinoxaline",CH2Cl2,Pd(PPh3)2Cl2,chloroform,chlorobenzene,polycyclic aromatics,phenyl-substituted quinoxaline APFO-15,"poly{N-[1-(2′-ethylhexyl)-3-ethylheptanyl]carbazole-2,7-diyl-alt-5,8-dithien-2-yl-2,3-diphenylquinoxaline-5′,5′′-diyl}",tetrabutylammonium hexafluorophospate,ferrocene,ferrocenium,Ag+,PC-DTQx,PCzTTQx’ LUMO,Au,MoO3
ma3020273,Poly(N-isopropylacrylamide),poly(N-isopropylacrylamide),pNIPAm,1-ethyl-3-methylimidazolium bis(trifluoromethanesulfonyl)amide,d8-[C2mIm+][TFSA–],pNIPAm/d8-[C2mIm+][TFSA–],C2mIm+][TFSA–,poly(benzyl methacrylate),pBnMA,"d8-[C2mIm+][TFSA–]) and S-1-dodecyl-S′-(α,α′-dimethyl-α″-acetic acid",trithiocarbonate,1-Dodecanethiol,acetone,carbon disulfide,"2,2-Azobis(isobutyronitrile)",AIBN,Aliquat 336,NIPAm,toluene,hexane,methanol,"1,4-dioxane",N2,diethyl ether,dodecyl trithiocarbonate,pNIPAm-CTA,ethanol,1H,Mn,dimethylformamide,DMF,LiBr,Co,polystyrene,helium,neon,deuterated IL,dpNIPAm,Ornstein,poly(N-isopropylacrysamide),d8-1-ethyl-3-methylimidazolium bis(trifluoromethanesulfonyl)amide,No. 22245018
ma202508h,Polylactide,Tetraaniline,*Tel +46-8-790 8274,polyester,Acrylic acid,maleic anhydride,polylactide,PLA,aniline,acrylic acid,polyesters,polycaprolactone,PCL,Poly(acrylic acid),PAA,polyaniline,polypyrrole,poly(lactic-co-glycolic acid),pyrrole,carboxyl,Co,Maleic anhydride,"N-phenyl-1,4-phenylenediamine",ammonium persulfate,(NH4)2S2O8,phenylhydrazine,ammonium hydroxide,hydrochloric acid,HCl,"N,N′-dicyclohexylcarbodiimide",DCC,4-(dimethylamino)pyridine,DMAP,ethanol,EtOH,dimethyl sulfoxide,DMSO,Aniline,1H,DMSO-d6,2H,CHCl3,PLA-Ma,benzophenone,nitrogen,PLA-AA2h,PLA-AA5h,PLA-Ma-AT,PLA-AA-AT,Ma,amino,carbon dioxide,Milli-Q,"1,4-dioxane",−COOH,−NH2,ester,succinic anhydride,anhydride,C═O,quinoid,benzenoid,PLA-AA2h-AT,PLA-AA5h-AT,amine,−NH,amide,phenyl,−CO–NH−,PLA-AA,PLA-AA3.5h,Benzophenone,"poly(1,5-dioxepan-2-one)",poly(trimethylene carbonate)
ma300549m,Hydroxyl-Functionalized Polyimides,diamine,"3,3,3′,3′-tetramethyl-1,1′-spirobisindane-5,5′-diamino-6,6′-diol",polyimides,hydroxyl,PIs,CO2,CH4,hydrogen,nitrogen,carbon dioxide,polyacetylenes,poly(1-trimethylsilyl-1-propyne),PTMSP,dioxane,O2,N2,hydrocarbons,n-butane,methane,tetrazole,carboxyl,thioamide,disulfone,polyimide,carbon,"4,4′-(hexafluoroisopropylidene)diphthalic anhydride",pyromellitic dianhydride,PMDA,N-Methylpyrrolidone,NMP,P2O5,Pyridine,Bisphenol A,methylsulfonic acid,dichlorotin hydrochloride,sodium carbonate,dichloromethane,ethyl acetate,ligroin,nitric acid,deuterated chloroform,deuterated dimethylsulfone,tetramethylsilane,polystyrene,Argon,"3,3,3′,3′-Tetramethyl-1,1′-spirobisindane-6,6′-diol",methanesulfonic acid,ethanol,1H,DMSO-d6,2H,C21H20O4,"3,3,3′,3′-Tetramethyl-1,1′-spirobisindane-5,5′-dinitrol-6,6′-diol",acetic acid,HNO3,CDCl3,13C,C21H21N2O6,C22H24Cl2N2O6,H,N,"3,3,3′,3′-Tetramethyl-1,1′-spirobisindane-5,5′-diamino-6,6′-diol",methanol,THF,SnCl2,HCl,potassium carbonate,magnesium sulfate,C21H27N2O2+,C21H26N2O2,PIM-6FDA-OH,pyridine,toluene,str O–H,aromatic C–H,aliphatic C–H,imide C═O,imide C–N,Mn,PIM-PMDA-OH,PTFE,n-hexane,OH,spiro-polyimides,bisphenol A,"3,3,3′,3′-tetramethyl-1,1′-spirobisindane-6,6′-diol","3,3,3′,3′-tetramethyl-1,1′-spirobisindane-5,5′-dinitrol-6,6′-diol",spiro diamine,o-OH,Pyromellitic dianhydride,"4,4′-(hexafluoroisopropylidene)diphthalic anhydride (6FDA)",spiro-bisindane,aromatic hydroxyl,DMF,DMSO,acetone,H2O,benzoxazoles,halo,PIM-6FDA–OH,H2,hexafluoroisopropylidene,dianhydride,PIM-PI-3,C═O,6FDA-mPD polyimide,6FDA-Durene,sulfonated polyimides,fluorine
ma061078o,Oligo(trimethylene carbonate),Patricia Y,pp 8763–8771,trimethylene carbonate,TMC,hydrogen,ureidopyrimidinone,UPy,urethane,Trimethylene carbonate,phosphoryl−choline,lactides,ε-caprolactone,poly(trimethylene carbonate),Mn,methacrylates,fumaric acid monoethyl esters,lactide,2-ureido-4[1H]-pyrimidinone,hexanediol,glycerol,tin octanoate,SnOct2,hydroxy,1H,polytrimethylene carbonate,hydroxy-terminated TMC,hexyl isocyanate,methylisocytosine,hexyldiisocyanate,dibutyl tin dilaurate,DBTDL,hexane,deuterated chloroform,keto-tautomer,3 MPa,PTMC,4a-c,lactate,tetrahydrofuran,THF,chloroform,"1,3-trimethylene carbonate","1,6-hexanediol","1,6-diisocyanatohexane",Deuterated chloroform,Phosphate,phosphate,potassium chloride,sodium chloride,EDTA,Trypan blue,l-glutamine,penicillin,streptomycin,L glucose,glutamine,argon,Chloroform,13C,Mercury,tetramethylsilane,TMS,Ti,"1,6-hexane diol",isocyanate,Isocyanate,2-amino-4-hydroxy-6-methylpyrimidine,pentane,CDCl3,ATR,NCO,C13H19N5O3,H,PTMCdiol,4nH,CO,C−O,Dibutyl tin dilaurate,hydroxy-end,silica,2H,Teflon,Tester,nitrogen,silicon,aluminum,CO2,trypan blue,polyethylene,sodium azide
ma102813y,Poly(phenylene ether)s,Pendant Perfluoroalkyl Sulfonic Acids,Kazuhiro Nakabayashi,2-12-1-H120,O-okayama,pendant perfluoroalkyl sulfonic acids,decafluorobiphenyl,hexafluorobenzene,"2,5-bis(4′-iodophenyl)hydroquinone","potassium 1,1,2,2-tetrafluoro-2-(1,1,2,2-tetrafluoro-2-iodoethoxy)ethanesulfonate",Fenton’s reagent,fluorine,Nafion,methanol,PEMs,PEM,sulfonated aromatic,poly(arylene ether)s,perfluoroalkyl sulfonic acids,sulfonated aromatic membranes,fluorinated aromatic,poly(phenylene ether)s,pendant perfluoroalkyl sulfonic acid,DFB,HFB,"2,5-bis(p-iodophenyl)hydroquinone",perfluoroalkyl sulfonic acid,"Potassium 1,1,2,2-tetrafluoro-2-(1,1,2,2-tetrafluoro-2-iodoethoxy)ethanesulfonate",PTES,"report.N,N-Dimethylacetamide",DMAc,calcium hydride,1H,19F,JEOL,Mn,polystyrene,"N,N-dimethylformamide",DMF,LiBr,nitrogen,"1,4-Dimethoxy-2,5-diphenylbenzene","1,4-dibromo-2,5-dimethoxybenezene",phenylboronic acid,Pd(PPh3)4,toluene,MgSO4,dichloromethane,hexane,CDCl3,2H,"1,4-Bis(4′-iodophenyl)-2,5-dimethoxybenzene",iodine monochloride,Na2SO3,"1,4-Bis(4′-iodophenyl)hydroquinone",boron tribromide,ethanol,white crystal,DMSO-d6,Decafluorobiphenyl,K2CO3,cyclohexane,Hexafluorobenzene,hecafluorobenzene,Perfluoroalkyl Sulfonic Acids,copper powder,copper,Celite,H2SO4,NaOH,H2O2,FeSO4,platinum,"1,4-dibromo-2,5-dimethoxybenzene","2,5-diiodohydroquinone",phenyl,iodine,NMP,DMSO,carbon,ether,hydroxyl,C−F,sulfonic acid
ma402361z,Coumarin,silicones,coumarin,azide,alkyne,coumarin-triazoles,silicone polyurethanes,poly(butylene terephthalate),polystyrene,polyurethanes,hydrogen,ureidopyrmindones,2 + 2,C-PDMS,azidoalkyl,chloropropylmethylsiloxane-co-dimethylsiloxane,sodium azide,tert-butylammonium azide,Me2SiO,azidoalkylsilicone,alkynes,azides,propiolate ester of 7-hydroxycoumarin,propiolic acid,DIC,C-PDMS-3,C-PDMS-7,C-PDMS-11,C-PDMS-14,triazole,siloxane,C-PDMS-M,1H,silica,PDMS,chloroalkylsilicones,0.4 Pa,CDCl3,lactone,benzene-lactone,coumarins,carbonyltriazole,PDMS-11:PDMS-11,PDMS-11:C-PDMS-M,C-PDMS-M:C-PDMS-M,coumarin silicone,Tetrabutylammonium azide,"N,N′-diisopropylcarbodiimide",4-(dimethylamino)pyridine,DMAP,dimethylformamide,DMF,Pt,tetraethyl orthosilicate,TEOS,trispentafluorophenylborane,umbelliferone,7-hydroxycoumarin,Bis(trimethylsiloxy)methylsilane,chloropropylmethylsiloxane-dimethylsiloxane,chloropropylmethylsiloxane:dimethylsiloxane,hydride,vinylmethylsiloxane–dimethylsiloxane,vinylmethylsiloxane:dimethylsiloxane 1:13,iodopropyltrimethoxysilane,Tetrahydrofuran,toluene,alumina,Ethanol,chloroform,hexanes,nitrogen,Digital Photography,B(C6F5)3,Teflon,dimethylsiloxane,vinylmethylsiloxane-dimethylsiloxane,vinylmethylsiloxane,Propargyl Coumarin,7-Hydroxycoumarin,THF,Propiolic acid,urea,ethanol,H,1 H,Azidopropylmethylsiloxane–Dimethylsiloxane,Chloroalkyl,PDMS-3,tetrabutylammonium azide,chloro-species,azido-species,diethyl ether,chloropropyl,chloropropylsiloxane,choropropylsiloxane,Coumarin-click-silicones,C-PDMS-14–3,Propargyl coumarin,"Iodopropyltris(1,1,1,3,5,5,5-heptamethyltrisiloxy)silane",dry hexanes,Trispentafluorophenylborane,"Azidopropyltris(1,1,1,3,5,5,5-heptamethyltrisiloxy)silane",magnesium sulfate,"Coumarin-click-propyltris(1,1,1,3,5,5,5-heptamethyltrisiloxy)silane",propargyl coumarin,C-PDMS-7 + C-PDMS-14
ma902303e,CO2,Polysulfone,Zeolitic Imidazolate,CSIC,"poly(1,4-phenylene ether−ether−sulfone)",chloroform,zeolitic imidazolate,carbon,zeolites,silane,silica,silanol,inorganic oxides,fullerenes,methane,hydrogen,H2,CH4,O2,N2,Imidazolate,oxygen,transition metal,Zn,Co,imidazolate,O,Si,silicate,amines,methyl,benzyl,imadazolate,"Poly(1,4-phenylene ether−ether−sulfone)",PPEES,ZIF-8,ZnN4,2-methylimidazole,ZIFs,glassy membranes,Zn2+,Cu,Dicvol,"Pristine poly(1,4-phenylene ether−ether−sulfone)",Teflon,isooctane,nitrogen,palladium,tungsten,[13C]O2,bore,CuSO4,dry glycerol,carbon dioxide,polysulfone,MMM-20,13C,C═O,constant,MMM-30,carbon-13,CH,CH = C′Hbp,aswhereThe,DDM,MMM-10,trend,DGPA-UNAM,Experimental details
ma802637w,Sulfonated Poly(ether sulfone)s,2-12-1 H120 O-okayama,Tel,sulfonated poly(ether sulfone)s,"4,4′-dichlorodiphenylsulfone","1,2,4,5-tetrakis([1,1′-biphenyl]-2-oxy)-3,6-bis(4-hydroxyphenoxy)benzene","2,2-bis(4-hydroxyphenyl)hexafluoropropane",chlorosulfonic acid,PEM,Nafion,methanol,aromatic hydrocarbon,sulfonated aromatic,poly(phenylene)s,poly(ether ether ketone)s,poly(ether ether sulfone)s,poly(arylene ether)s,polyimides,copoly(ether ketone)s,phenyl,poly(ether sulfone)s,sulfonic acid,"1,2,4,5-Tetrafluoro-3,6-bis(4-methoxyphenoxy)benzene",4-methylphenol,hexafluorobenzene,Dichloromethane,calcium hydride,"1,2,4,5-Tetrakis([1,1′-biphenyl]-2-oxy)-3,6-bis(4-methoxyphenoxy)benzene",2-phenylphenol,K2CO3,"1,3-dimethyl-2-imidazolidinone",toluene,nitrogen,NaOH,DMF,silica gel,dichloromethane,hexane,KBr,−O−,−CH3,1H,CDCl3,H,13C,C68H50O8,"1,2,4,5-Tetrakis([1,1′-biphenyl]-2-oxy)-3,6-bis(4-hydroxyphenoxy)benzene",dry dichloromethane,BBr3,CH2Cl2,MgSO4,"(−O−), 3417",−OH,2 H,C66H46O8,Poly(ether ether sulfone),"N,N-dimethylacetamide",DMAc,cyclohexane,−SO2−,triethylamine,H2SO4(aq),−SO3H,N-methylpyrrolidinone,NMP,platinum,Fenton’s reagent,H2O2,FeSO4,PbNO3,epoxy resin,JEOL,PU-2080Plus,polystyrene,"N,N-Dimethylformamide",LiBr,Mn,4-methoxyphenol,C−O−C,OH,aromatic,Poly(ether sulfone),Bis-AF,chloroform,THF,sulfone,2-phenylphenoxy,sulfonated,sulfonyl chlorides,sulfonyl chloride,dimethyl sulfoxide,DMSO,benzene,phenoxy,BPSH-40,sulfonated poly(ether ether sulfone),lead nitrate
ma5013557,o-Phthalaldehyde,Ethyl Glyoxylate,Aldehyde,polyaldehydes,ethyl glyoxylate,o-phthalaldehyde,Tc aldehyde,poly(phthalaldehyde),PPA,Polyethyl glyoxylate,PEtG,polyaldehyde,polymethyl glyoxylate,PMeG,methyl glyoxylate,cyclic acetals,aldehyde,OPA,EtG,boron trifluoride etherate,pyridine,Lewis acid,methanol,n-pentane,1H,13C,Polyacetal,carbons,acetal,ester,glyoxylate,styrene,olefins,chloroform,dichloromethane,DMSO,polyacetal,amide,J.A.K
ma200824k,Ru,Tel,vinyl sulfone (VS),thiol,poly(ε-caprolactone),PCL,poly(l-lactide),PLA,poly(trimethylene carbonate),PTMC,ε-caprolactone,ε-CL,l-lactide,trimethylene carbonate,TMC,cyclic carbonate,vinyl sulfone carbonate,VSC,toluene,isopropanol,stannous octoate,2-mercaptoethanol,cystamine,cysteine,thiolated poly(ethylene glycol),PEG-SH,DMF,hydroxyl,carboxyl,amine,PEG,vinyl sulfone,polyesters,polycarbonates,allyl,alkyne,azide,acryloyl,γ-acryloyl-ε-caprolactone,poly(acryloyl carbonate),divinyl sulfone,3-Methyl-3-oxetanemethanol,hydrobromic acid,sodium hydrosulfide hydrate,triethylamine,Et3N,Sn(Oct)2,2-mercaptoethylamine hydrochloride,l-cysteine,fluorescein isothiocyanate,FITC,Thiolated glycol,Mn,Ethyl chloroformate,Isopropanol,CaH2,Toluene,sodium,argon,l-Lactide,l-LA,Purac,Co,Vinyl Sulfone Carbonate,3-methyl-3-oxetanemethanol,THF,H2O,diethyl ether,MgSO4,bromo-diol,1H,CDCl3,−C(CH2OH)2,2H,−CH2Br,−(OH)2,−CH3,NaSH,EtOAc,mercapto-diol,−CH2SH,−SH,MeOH,ethyl acetate,ether,vinyl sulfone-diol,−CH═CH2,−SCH2CH2−,ethyl chloroformate,–CH═CH2,−C(CH2)2C−,−CCH2S,–CH3,13C,C10H16O5S2,H,Polyesters,Polycarbonates,nitrogen,acetic acid,ethanol,(CH3)2CH−,−CH2O–,C(CH2)2O2,SO2CH2,−SCH2C,−COCH2–,−CH2CH2CH2–,(CH3)2C−,P(LA-co-VSC),P(TMC-co-VSC),–CH2S–,−CHCH3,–CH2CH2CH2–,Thiol,chloroform,phosphate,phosphorus pentoxide,Solon,silicon,DMSO-d6,Mixed-C,polystyrene,Al,C 1s (C–C),Cystamine,CO2,AxioCam MR3,Vinyl Sulfone Cyclic Carbonate,sodium hydrosulfide,acid-labile cyclic carbonate,methylene,carbonate,sulfone,thiol ether,methyl,Vinyl Sulfone,P(CL-co-VSC),acryloyl-functionalized PCL,carbon,oxygen,S,sulfur,vinyl sulfone cyclic carbonate
ma400454u,N-Substituted Maleimides,1-Methylenebenzocycloalkanes,Phone,N-methyl,ethyl,n-butyl,2-ethylhexylmaleimides,1-methylenebenzocycloalkanes,carbon,benzene,N-substituted maleimides,"1,2-disubstituted ethylenic",poly(RMI)s,methylene,imide,Poly(RMI)s,isobutene,N-methylmaleimide,MMI,poly(methyl methacrylate) and polycarbonates,olefins,styrenes,vinyl ethers,cycloalkenes,olefin,maleimide,α-substituted styrene,"cyclic 1,1-disubstituted ethylene",maleic anhydride,CDCl3,Mn,tetrahydrofuran,THF,polystyrenes,nitrogen,"2,2′-Azobis(isobutyronitrile)",AIBN,methanol,N-Methylmaleimide,N-n-butylmaleimide,BMI,N-(2-ethylhexyl)maleimide,EHMI,papers.N-Ethylmaleimide,EMI,1-Methylenebenzocyclobutane,1-Methyleneindane,1-methylenetetralin,1-methylenebenzocycloheptane,ketones,1-indanone,1-benzosuberone,methyltriphenylphosphonium bromide,argon,Potassium tert-butoxide,ketone,1-benzosuberon,silica gel,silica,n-hexane,triphenylphosphine oxide,1H,C6H4,C═CH2,CH2,2H,13C,CH2═CCH2CH2C6H4,CH2═CCH2CH2CH2C6H4,CH2═CCH2CH2CH2CH2C6H4,"1,2-dichloroethane",chloroform,Poly(MMI-alt-BC4),CHCH,CH3,C═O,CC6H4,CH,CH2C6H4,KBr,Poly(MMI-alt-BC5),11H,CH2CH2C6H4,Poly(MMI-alt-BC6),13H,CH2CH2CH2C6H4,15H,poly(MMI-alt-IB),poly(BC5),penultimate,–f,hydrogen,cyclic methylene,∠C1–C2–C3–C4,C1 carbon,benzyl,MMI•,BCm,poly(RMI-alt-BCm)s,N-alkyl,poly(MMI-alt-BC5),poly(MMI-alt-BC6),poly(MMI-alt-CA5),poly(MMI-alt-CA6),exomethylene cyclic olefin,toluene,acetone,poly(BMI-alt-BC5),poly(EHMI-alt-BC5),poly(EMI-alt-BC5),poly(MMI-alt-BCm)s,benzocycloalkane
ma500333r,Narrow-Band-Gap,"2,7-Dioctyl-Substituted Dibenzo[a,c]phenazine","2,7-dioctyl-substituted dibenzo[a,c]phenazine",BPz,indacenodithiophene,IDT,OHBPz,PIDT–OFBPz,"2,7-dioctyl",–1 s–1,ITO,ZnO,PFN,MoO3,Al,"2,7-alkyl-substituted BPz",fullerene,"[6,6]-phenyl-C61-butyric acid methyl ester",PC61BM,"[6,6]-phenyl-C71-butyric acid methyl ester",PC71BM,thiophene,phenyl,"Dibenzo[a,c]phenazine",phenyl-substituted quinoxaline,CHL-C60,Li,BPz–thiophene,alkoxy,"2,7-carbazole",alkyl,hydrogen,"2,7-alkyl BPz",fluorine,OFBPz,carbon,nitrogen,alkyl-substituted BPz,D–A,hydroxyl,"2,7-dibromo-9,10-dihydroxyphenanthrene",bromoethane,potassium carbonate,"2,7-dibromo-9,10-diethyoxyphenanthrene",dioctyl,nickel,Grignard reagent of octylmagnesium bromide,"2,7-dioctyl-9,10-diethyoxylphenanthrene",HNO3,"2,7-dioctyl-9,10-phenanthraquinone",diamine,"3,6-dibromobenzene-1,2-diamine","3,6-diamino-4,5-diflurro-1,2-benzenediamine","3,4-diamino-2,5-dibromopyridine","10,13-dibromo-2,7-dioctyldibenzo[a,c]phenazine","10,13-dibromo-11,12-difluoro-2,7-dioctyldibenzo[a,c]phenazine","10,13-dibromo-2,7-dioctyldibenzo[f,h]pyrido[4,3-b]quinoxaline",palladium,bistannyl,"2,7-bis(trimethyltin)-4,9-dihydro-4,4,9,9-tetrakis(4-hexylphenyl)-s-indaceno[1,2-b:5,6-b′]dithiophene",tetrahydrofuran,THF,chloroform,chlorobenzene,dichlorobenzene,polystyrene,ferrocene,ferrocenium,octyl,Si,SiO2,Ag,Octyltrichlorosilane,OTS,"poly[(9,9-bis(3′-(N,N-dimethylamino)propyl)-2,7-fluorene)-alt-2,7-(9,9-dioctylfluorene)]",PIDT–OFBPz:PC61BM,"2,7-alkyl-substituted dibenzo[a,c]phenazine","2,7-Dialkyl",PIDT–OFBPz: PC61BM,1H and 13C,deuterated chloroform,tetramethylsilane,graphite,calomel,Pt,acetonitrile tetrabutylammonium hexafluorophosphate,argon,N2,Co,silver,silicon,silicon dioxide,ozone,methanol,acetic acid,"1,2-dichlorobenzene",aluminum,Toluene,"2,7-Dibromo-9,10-dihydroxyphenanthrene (1),3,6-dibromobenzene-1,2-diamine","3,6-diamino-4,5-difluoro-1,2-benzenediamine","2,7-Dibromo-9,10-diethyoxylphenanthrene","N,N′-dimethylformamide",CH2Cl2,MgSO4,silica,1H,CDCl3,2 H,2H,13C,C18H16Br2O2,"2,7-Dioctyl-9,10-diethyoxylphenanthrene","1,3-bis(diphenylphosphino)propane]nickel(II) chloride [NiCl2(dppp)",octylmagnesium bromide,ether,C34H50O2,"2,7-Dioctyl-9,10-phenanthraquinone","1,4-dioxane",dichloromethane,C30H40O2,"10,13-Dibromo-2,7-dioctyldibenzo[a,c]phenazine",ethanol,H,C36H42Br2N2,"10,13-Dibromo-11,12-difluoro-2,7-dioctyldibenzo[a,c]phenazine",o-DCB-d4,C36H40Br2F2N2,"10,13-Dibromo-2,7-dioctyldibenzo[f,h]pyrido[4,3-b]quinoxaline",1 H,C35H41Br2N3,P(o-Tol)3,toluene,2-bromothiophene,acetone,CHCl3,ArH,CH2,CH3,Anal,C102H120N2S2,C102H118F2N2S2,C101H119N3S2
ma051685w,Carboxylic Acid,Carbodiimide,poly(2-ethylhexyl methacrylate) latex,carboxylic acid,carbodiimide,methacrylic acid,−NCN,oxygen,−NCN−,N-acylurea,−COOH,carboxyl,tert-butyl-NCN,tert-butylcarbodiimidoethyl methacrylate,tBCEMA,cyclohexylcarbodiimidoethyl methacrylate,CCEMA,9-phenanthrylmethyl methacrylate,PheMMA,AnMA,2-Ethylhexyl methacrylate,EHMA,1-Dodecyl mercaptan,potassium persulfate,KPS,sodium dodecyl sulfate,SDS,ammonia,NH3(aq),sodium bicarbonate,MAA,Milli-Q,poly(methyl methacrylate),nitrogen,NaHCO3,H2O,nitrogen gas,D-MAA-11,D-MAA-20,A-tBCEMA-11,quartz,CaF2,tetrahydrofuran,THF,N2 gas,aluminum,N2,phenanthrene−anthracene,CHCl3,NaCl,KBr,C−H,"1,4-dioxane",dioxane,Mn,phenanthrene,anthracene,1-dodecanthiol,Phe,alkyl,cyclohexyl,PEHMA,D-MAA-20 + A-tBCEMA-11,-NCN−,D-MAA-11 + A-tBCEMA-5.2,D-MAA- 11 + A-tBCEMA-5.2,D-MAA-20/A-tBCEMA-11,tert-butyl,D-MAA-11/A-CCEMA-4.6,PEHMA−MAA,PEHMA−NCN,Ni,tert-butyl-NCN−
ma201538p,Tel,polystyrene,silica,PMMA,Mn,poly(methyl methacrylate),Si,chloroform,toluene,cyclohexane
acs.macromol.5b02304,methylene,ethylene oxide,diol,divinyl ether,sugars,CO2,acetal,polyacetal,Polyacetal Synthesis,divinyl ethers,diols,pyridinium p-toluenesulfonate,PPTS,dichloromethane,DCM,ethyl acetate,EtOAc,potassium carbonate,K2CO3,sodium chloride,NaCl,polyacetals,sodium sulfate (Na2SO4),basic-Al2O3,vinyl ether,H,hydroxyl,Mn,butanediol divinyl ether,ethylene glycol,13 500 Da,1H,CDCl3,D2O,hydroxyl-terminated polyacetal,THF,PTFE,CTO-10ACvp,SCL-10Avp,hydroxyl-terminated macromonomers,polystyrene,hydroxyl-terminated polyacetals,Milli-Q,amino acids,penicillin,streptomycin,amphotericin B,gentamicin sulfate,phosphate,CPT,vinyl-ether,poly(N-isopropylacrylamide),acetaldehyde,aldehyde,acetic acid,DMR1206191
ma052087k,Jen *,Washington 98195,azo,azide−alkyne,azide,cyano,dienophile,diene,E−O polymers.5f,maleimide,E−O,poly(methyl methacrylate-co-anthrylmethyl methacrylate),PMMA−AMA,"2,2‘-azobis(isobutyronitrile)",AIBN,anthryl diene,1H,dendronized E−O,PMMA,anthryl-maleimido,cyclopentanone,indium  tin oxide,ITO,A-type PS-FTC,prolate,tetrahydrofuran,dichloromethane,bismaleimide,PM-4X.23,THF,chloroform,Alex K.-Y
acs.macromol.5b00895,hydrocarbon,poly(N-isopropylacrylamide),methane,Tcol,Mn,PNIPAM,n-butyl alcohol,acetic acid,hydrocarbons,polypropylene–hydrocarbons,polyacrylonitrile,glassy poly(vinyltrimethylsilane),Si(CH3)3,poly(methyl methacrylate),hydrogen,carbonyls,alcohols,nitriles,aliphatic hydrocarbons,Tg2 – Aw1,polycarbonate,carbon dioxide,methanol,poly(p-methylstyrene),ethyl acetate,poly(vinyl chloride)–vinyl chloride,n-alkanes,Teflon,fluorocarbon,alkanes,helium,n-decane,PMMA,nitrogen,n-hexane,squalane,n-heptane,dinonyl phthalate,high density polyethylene,polystyrene,sulfonate,polyamides,poly(acrylic acid),esters,Tb,H2,O2,N2,CO2,CH4,alkanes C4–C13,S,Tc,chloromethanes,CCl4,CHCl3,CH2Cl2,chloroprene,methyl methacrylate,methacrylic acid,Chloroform,carbon tetrachloride,S·D,HETP,H,Cs,Dp,poly(viny1 acetate),PVAc,10–5 to 10–13 cm2 s–1,toluene,N-methylpyrrolidone,polystyrene–hydrocarbons,polydimethylsiloxane–n-pentane,poly(vinyl alcohol)
ma0611826,Poly(vinyl alcohol),Ohio 44106-7202,poly(vinyl alcohol),PVOH,Smectite silicates,montmorillonite,Montmorillonite,smectite,hydrogen,poly(ethylene oxide),PEO,Sodium,MMT,Mn,nitrogen,DMA,JEOL,epoxy,copper,Cu,poly(vinyl acetate),zeolites,silicate
ma0713916,Macrocyclic Ether−Urethane Carbodiimide,Cyclic oligomers,polycarbonate,poly(ether ketone),poly(ether sulfone),poly(ether−sulfide),aryl polyamide,poly(ether−imide),polyester,aryl carbodiimide,CDI,Aryl carbodiimide,aromatic isocyanates,N-acylurea,carboxylic acids,amide,isocyanate,NCO,poly(amide−imide),acid-ester,isocyanates,amides,polyamides,ether,urethane,carbodiimide,poly(amide−urethane),poly(amide−imide−urethane),"toluene 2,4-diisocyanate","2,4-TDI",TDI,poly(propylene glycol),PPG,diols,toluene,"1,3-dimethyl-3-phospholene oxide",DMPO,CO2,silica gel,ethyl acetate,polyether,carboxylic acid,acetic acid,AcA,acylurea,xylenes,amide−isocyanate,ethanol,PAU,PAIU,adipic acid,AdA,THF,DMF,carboxylic,ortho-acid-ester,trimellitic anhydride,TMA,cyclic anhydride,aromatic,cyclic acylurea,polyurethanes,macrocyclic acylureas,1H,13C
ma2019123,PEO,PMMA,Richter,poly(ethylene oxide),poly(methyl methacrylate),deuterium,polystyrene,1H,13C,129Xe,d-PMMA,h-PMMA,hydrogen,H,deuterated,RPA,ΦiViPi(QRgi),ρ̅PMMA,h-PEO,V̅i,Vh–iVd–i/(cVh–i + (1–c)Vd–i),ΦPEO ρ̅PEO + (1 – ΦPEO) ρ̅PMMA,deuterated PEO,kBTNe,Ni,Ne,ΦPMMA,NPMMA,"ζ0,PMMA",Λ(Q)Q2S–,1(Q),S–,1(Q) = S–1(0) + AQ2,S–1(Q) = [S–1(0) + (4/3)ε2G] + AQ2,"Δcp,PMMA","w2ΔCp,PMMA",Deuterated poly(methyl methacrylate),tetrahydrofuran,THF,CIL,CaH2,trioctylaluminum,"1,1-diphenyl-3,3-dimethyl",butyllithium,"1,1-diphenylethylene",tert-butyllithium,Tetrahydrofuran,potassium,benzophenone,methanol,d4EO,potassium tert-butoxylate,potassium n-hexoxylate,acetic acid,cyclohexane,dimethylacetamide,toluene,argon,quartz,constant,S–1(0),S,σPEO2,h-PEO/d-PMMA,h-PMMA(1-x-y),T*A,ΔΓ*h,T*G,deuterated PMMA,PVME
acs.macromol.5b00955,polydimethylsiloxane,PDMS,polystyrene,PS-b-PMMA,PS-b-PDMS,PS-b-P2VP,PS-b-PVP,germanium,Ar,poly(methyl methacrylate),PMMA,poly(2-vinylpyridine),PVP,poly(ethylene oxide),PEO,polyisoprene,toluene,Ge,Silver behenate,iodine,O2
ma401617z,hydrocarbons,N,Einstein formalism(1)where ⟨...⟩,Einstein formula(2)with Gab(t) = ∫0t(Pab(t′)–(1)/(3)δab∑yPyy(t′))dt′,constant,H,Si,Karplus,"S2,trans + S2,conf","S3,trans + S2,trans and S2,trans","S3,trans and S2,trans","S3,trans–S2,trans","S2,conf – S2,trans",Helmholtz,Ach,constant T,"Sex,SAFT – S2,trans","S2,trans or S2,trans + S2,conf","ln(D̅COM)–(S2,trans + S3,trans)","ln(D̅COM)–S2,trans",ln(ADZ),"ln(DCOM)–S2,trans",ln(BR),as(25)In,ln(BDZ),"ln(η̃)–S2,trans","ln(D̃COM)–S2,trans + S2,conf","ln(D̃COM)–S2,trans + S2,conf diagram",No. 211778
ma900008m,Organoboron Quinoline-8-thiolate,Quinoline-8-selenolate,Kyoto 615-8510,organoboron quinoline-8-thiolate,-selenolate,organoboron,poly(p-phenylene-ethynylene),boron,organoboron quinolate,diiodo,"1,4-diethynylbenzene",Organoboron,boron quinolate,Quinolate,8-hydroxyquinoline,quinoline-8-thiol,phenolate,thiolate,pyridyl,tris(8-hydroxyquinolinato)indium,tris(8-hydroxyquinolinato)gallium,tris(8-hydroxyquinolinato)aluminum,Al,Ga,1H,13C,JEOL,1H and 13C,tetramethylsilane,TMS,11B,CDCl3,Mn,TOSOH,polystyrene,tetrahydrofuran,Polystyrene,chloroform,graphite,Mo,Tetrahydrofuran,THF,triethylamine,Et3N,"B(4-iodophenyl)2Q (2O), quinoline-8-selenol","1,4-diethynyl-2,5-dihexadecyloxybenzene","1,4-diethynyl-2,5-bis(trifluoromethyl)benzene",BPh2Q,Triphenylborane,toluene,CH2Cl2,hexane,2H,BPh2Q−S,8-mercaptoquinoline hydrochloride,CHCl3,MgSO4,BPh2Q−Se,quinoline-8-selenol,B(4-iodophenyl)2Q−S,n-BuLi,"1,4-diiodobenzene",BBr3,methanol,C21H14NSBI2,H,B(4-iodophenyl)2Q−Se,2Se,Quinoline-8-selenol,C21H14NBSeI2,4SO,CuI,Pd(PPh3)4,KBr,4OO,polymer 4OO,2O,quinoline-8-selenolate,triphenylborane,"organoboron quinolates 1O, 1S, and 1Se",dichloromethane,N(1)−B(1)−Se(1),selenium,"Organoboron quinolate-based monomers 2O, 2S",quinoline,"2O, 2S, and 2Se",iodine,"2O, 2S, or 2Se",4OF,4SF,4SeO,−C≡C−,C−F,poly(p-phenylene−ethynylene)s,phenylene-ethynylene,quinolinol,S,polythiourethane,5OO,5SO,HOMO of 1S and 1Se,phenyl,Se,1S and 5SO
ma0620971,Ketene,Aldehyde,Bisoxazoline,Polyesters,Endo,ketene,aldehyde,ketenes,aldehydes,polyesters,ethylphenylketene,aromatic aldehydes,zinc,bis(oxazoiline),benzaldehyde,diethylzinc,Et2Zn,bis(oxazoline),"S,S)-(−)-2,2‘-isopropylidenebis(4-tert-butyl-2-oxazoline","(S,S)-(−)-2,6-bis(4-isopropyl-2-oxazolin-2-yl)pyridine",THF,polyester,CH2Cl2,lithium aluminum hydride,diols,diacetate,Chiralcel OD-H,carbonyl,ester,toluene,CHCl3,Experimental details
acs.macromol.5b01866,cis-Polyisoprene,Poly(p-tert-butylstyrene),cis-polyisoprene,poly(p-tert-butylstyrene),PtBS,Me,polystyrene,poly(vinyl methyl ether),PVME,poly(methyl methacrylate),PMMA,poly(ethylene oxide),PEO,polyvinylethylene,PVE,polyisoprene,Benzene,sec-butyllithium,methanol,Mn,benzene,DP-8020,tetrahydrofuran,THF,acetone,butylhydroxytoluene,argon,nitrogen,Co,MPtBS,GNapp = G′(ωmin–G″),G*(ω)–Gref*(ω),(13a)(13b)(13c)If,Gref*(ω) = Gl-ent*(ω) + Glocal*(ω),Gent*(ω) – Gl-ent*(ω),G*(ω) – Gref-ave*(ω),Gref-ave′(ω),Ghypo*(ω) = Q{ϕG1*(λω) + (1 – ϕ)G2*(λω)},harmony,NAvo,constant,hydrogen,Appendix A,ωaT > 100 s–1,Figure 11,Appendix B,–5λ s,Glocal*(ω),<1 s–1,Appendix C,(C1)(C2)Here,ϕG1*(ω) + (1 – ϕ)G2*(ω),"τa,PtBS[bulk]"
ma3000779,Polystyrene,Poly(ε-caprolactone),Li,poly(styrene)-block-poly(methyl methacrylate),PS-b-PMMA,polystyrene-block-poly(ethylene oxide),PS-b-PEO,polystyrene,silica,PMMA,poly(styrene-ran-acrylonitrile),SAN,poly(methyl methacrylate),poly(vinyl methyl ether),PVME,poly(ε-caprolactone),PCL,Mn,PEO,trimethylchlorosilane
ma202128e,Aromatic Polyimides,Aniline,Li,Ting,polyimides,aniline,4-methoxyphenyl,diamine,"4,4′-bis[(4-aminophenyl)amino]diphenylamine","4,4′-bis[(4-aminophenyl)amino]-4″-methoxytriphenylamine","4,4′-bis[4-aminophenyl(4-methoxyphenyl)amino]-4″-methoxytriphenylamine",tetracarboxylic dianhydrides,polyimide,polyimides III,DPA,phenyl,transition-metal oxides,WO3,polyaniline,PANI,oligoanilines,polyamide,epoxy,triphenylamine,TPA,nitrogen,tetraphenylbenzidine,TPB,tertiary amino,amino,aromatic polyimides,diamines,"4,4′-Bis[(4-aminophenyl)amino]diphenylamine",triethylamine,"4,4′-diaminodiphenylamine",4-fluoronitrobenzene,hydrogen,Pd,dinitro,"4,4′-bis[(4-nitrophenyl)amino]-4″-methoxytriphenylamine","4,4′-diamino-4″-methoxytriphenylamine","4,4′-bis[(4-nitrophenyl)amino]diphenylamine",polyimides I and II,acetic anhydride,pyridine,secondary amine,m-cresol,isoquinoline,polystyrene,imide,C═O,"C═O), 1380 (C–N",1H and 13C,polyimides IIa,DMSO,carbon,1H,H,polyimides I–III,NMP,DMAc,THF,CHCl3,dianhydride,hexafluoroisopropylidene,−C(CF3)2−,carbonyl,sulfone,2–2″ and 3–3″,polyimide I–III,dry acetonitrile,indium–tin oxide,tetrabutylammonium perchlorate,TBAP,acetonitrile,CH3CN,DMF,2–2″,3–3″,nitro,methoxy-substituted phenyl,methoxy,amine,aromatic-carbonyl,polyimides Ia–IIIa and 6FDA polyimides,Ib–IIIb,sulfonyl,polyimides Ia–IIIa,6FDA polyimides,BPDA polyimide IIIc,polyimides IIIa and IIIb,polyimide IIIc,phthalimide,"4,4′-oxidianiline",ODA,pyromellitic dianhydride,PMDA,BPDA,polyimide IIIa,HCl,sulfuric acid,Ag,AgCl,Na2CO3(aq),acetone,quinones,benzoquinone,imine,C═N,Polyaniline,O,N,aromatic phenyl,methoxyphenyl,diphenylamine,light green,triarylamine,IIIa3+,"4,4′-Diaminodiphenylamine","4,4′-Diamino-4″-methoxytriphenylamine",aromatic tetracarboxylic dianhydrides,"3,3′,4,4′-diphenylsulfonetetracarboxylic dianhydride",DSDA,"2,2-bis(3,4-dicarboxyphenyl)hexafluoropropane dianhydride (6FDA)","3,3′,4,4′-biphenyltetracarboxylic diandydride",Oxychem,calcium chloride (CaCl2),Tetrabutylammonium perchlorate,ethyl acetate,Polyimides,polyimide IIa,polyimides (IIa–IIb),dianhydride DSDA,methanol,CaCl2,"C═O), 1382 (C–N",DMSO-d6,2H,−NH,Hg,Hf,Hd,He,Ha,Hc,3H,−OCHH3,13C,−OCH3,C47H31N5O7S,polyimides (IIIa–IIIc),C61H43N5O9S,Polyimide,CHNS,tetramethylsilane,ITO,platinum,KCl,Tb
ma401171d,iron oxide,phosphonic-acid,ester,poly(pentafluorophenyl acrylate),P(PFPA),poly(oligoethylene glycol acrylate),P(OEGA),primary amines,thiol–ene,acrylates,maleimides,polyacrylamides,phosphate,spermine,3-(dimethylamino)-1-propylamine,l-lysine,l-histidine,l-arginine,β-alanine,taurine,methyl blue,rhodamine 6G,fluorescein-O-acrylate,Iron oxide,hydroxyl,poly(ethylene glycol),Combidex,silane,dopamine,phosphonic acid,nitroxide,polyplexes,poly(ethylene imine) or poly(dimethylamino ethyl acrylate),P(DMAEA),PEG,adriamycin,Cy7,18F,folic acid,thiols,diamine,doxorubicin hydrochloride,Phosphonic-Acid,Phosphonic-acid-bearing trithiocarbonate,Bromotrimethylsilane,phosphonate ester,pentafluorophenyl ester acrylate,PFPA,dioxane,AIBN,1H,19F,P(PFPA) macroRAFT,oligoethyleneglycol acrylate,OEGA,acetonitrile,MWPFPA,P(PFPA)-b-P(OEGA),31P,DMAc,Mn,DMSO,maghemite,γ-Fe2O3,amines,β-lysine,2-aminoethyl phosphonic acid,amino acids,pentafluorophenyl ester,pentafluorophenol,amine,amide,amino,P(DMAPA)-b-P(OEGA),DMAPA,carbon,iron,oxygen,nitrogen,ether,C–C,ammonium,N,phosphorus,sulfur,S,(OFe)2,Fe,acrylamide,DPP(OEGA),Nacrylamide,Cacrylamide,α-amine,ω-amine,secondary amine,HCl,oligoethylene glycol ester,2H,P(Spm)-b-P(OEGA),esters,trithiocarbonate,thiol,acrylate,fluorescein,phosphotungstenic acid,NaCl,carboxylate,Amino-acid,amino-acid,Alamar Blue,dimethylaminopropyl amine,Methyl blue,R6G,P(DMAPA)-b-(OEGA),dimethylamino,carboxylic acid,rhodamine 6G (B),Rhodamine 6G,doxorubicin,Rhodamine,Rhodamine-6G
ma8016713,Poly(ferrocenylsilane-b-polyphosphazene),PFS-b-PP,BS8 1TS,transition metals,poly(ferrocenylsilane),PFS,silicon-bridged[1]ferrocenophanes,polyphosphazene,Polyorganophosphazenes,[N═PR2]n,Polyphosphazene,phosphoranimine Cl3P═NSiMe3,PCl3,dichlorophosphoranes,n-Bu,Ph,R3P═N═PCl3][Cl,phosphorane,dimethylsila[1]ferrocenophane,THF,ClPPh2,phosphine,PPh2,hexanes,31P,CH2Cl2,CD2Cl2,1H,polystyrene,Mn,C2Cl6,phosphoranimine,NPCl2,CpPPh2N,PCl3+,NaOCH2CF3,"1,2-dichloroethane",hexane,OCH2CF3,phosphorus,cyclopentadienyl,SiMe2,N2,A.P
ma400916k,Methanesulfonic Acid,Caprolactone,Trimethylene Carbonate,Christophe Navarro,*Telephone,(+33)(0)561558204,Polycaprolactone,polytrimethylene carbonate,toluene,ε-caprolactone,trimethylene carbonate,methanesulfonic acid,di- and tri-block,olefins,cyclic esters,carbonates,organo-catalysts,Brönsted acid,polyesters,"1,3,4,5-tetramethylimidazol-2-ylidene NHC",lactones,δ-valerolactone,δ-VL,ε-CL,lactide,TMC,"1,8-diazabicyclo undec-5-ene",DBU,dichloromethane,sulfonic acid,MSA,PCL,Mn,PCL-b-PTMC-b-PCL,ester,carbonate,argon,ε-Caprolactone,CaH2,Trimethylene carbonate,"1,3-dioxane-2-one",THF,ARKEMA,SEC Analyses,Tetrahydrofuran,polystyrene,1H and 13C,CDCl3,pentylester,methyl,CH2OH,13C,nitrogen,CH2Cl2,NaI,MeOH,dithranol,PCL80-b-PTMC80,n-pentanol,1H,diisopropylethylamine,methanol,−OCH2CH2CH2O−,2H,"−OCH2, CL–TMC",−OCH2(CH2)4C(O)−,−CH2OH,−C(O)CH2(CH2)4O,−OCH2CH2CH2O,−OCH2CH2CH2CH2CH2C(O),CH3,PCL80-b-PTMC80-b-PCL80,−(CH2)5C(O)OCH2CH2CH2,HOCH2(CH2)4−,2H × 150,−COCH2(CH2)4O−,"2H × 70 + 4H, n −OCH2CH2CH2O",−OCH2CH2CH2OH,HOCH2CH2CH2CH2CH2C(O),2H × 150 + 2H + 2H,−OCH2CH2CH2O– TMC,2H × n,−OC(O)CH2(CH2)4C(O)–,"2H × n,m","−CH2C(O)OCH2(CH2)2OC(O)–, CL–TMC",HOCH2CH2CH2O,−COCH2(CH2)4−,−COCH2CH2CH2CH2CH2O−,−CH3,carbonyls,PCL-b-TMC-b-PCL,DIEA,PCL80-b-TMC80,Triblock PCL-b-TMC-b-PCL,telechelic HO–PTMC–OH,ROP,OH,PCL10-b-TMC40-b-PCL10,PCL84-b-TMC72-b-PCL84,CH2,CH2OCO,C═O,hydroxyl,−55,PCL84-b-PTMC72-b-PCL84,tin octanoate Sn(Oct)2,hydrogen,"Fcum,CL",PCL-gradient-PTMC
ma500486u,Amine,Hexamethylene,H,aldehyde,amine,silica gel,amines,Amines,Lavigne’s polythiophene carboxylic acids,porphyrines,trifluoromethyl-substituted ketones,"1,3-diketones",oligoethylene glycol-substituted distyrylbenzenes,dialdehydes,"1,n-diamines",imines,distyrylbenzene aldehydes,aldehydes,potassium carbonate,"1,6-diiodohexane",acetal,Mn,meta-connected aldehyde,THF,carbonyl,para-positioned aldehyde,para-aldehyde,dichloromethane,ethylenediamine,primary amines,"1,3-diaminopropane",cadaverine,tert-butylamine,benzylamine,butylamine,Ethylenediamine,hydroxydistyrylbenzenes,1H and 13C,Distyrylbenzene,tetrahydrofuran
ma901602y,Polyurethanes,Villeurbanne,Telephone: +33 4 72 43 85 48,polyurethane,isocyanate,NCO,urea,polyurethanes,polyol,polyisocyanate,amine,allophanate,urethanes,hydrogen,polyester,polycaprolactone,PCL,macrotriol,OH,caprolactone,primary hydroxyl,diol,CAPA 2201,PCL triol,CAPA 3201,"4,4′-methylene bis(phenylisocyanate)",Suprasec,hydroquinone bis(β-hydroxyethyl) ether,HQEE,"1,4-butanediol",tetrahydrofuran,THF,dibutyltin dilaurate,silver behenate,diamond,copper,RuO4,monoisocyanate,TMMT,(ρH − ρS)2,constant,ureas,urethane,polyurethane PCL
ma0608828,"1,4-polybutadiene",PBD,CR-PBD,poly(ethylene oxide),poly(methyl methacrylate),poly(vinyl methyl ether),polystyrene,PVME,polyisoprene,poly(vinylethylene),PVE,LB-PBD,C(sp2)−C(sp3)−C(sp3)−C(sp2),alkyl,LB-PBD/CR-PBD,Dipole,HCCH,N,DACF,hydrogen,temperature.36,PBD.11
ma071878e,Poly(N-isopropylacryamide),poly(N-isopropylacrylamide),PNIPAM,silica,sodium sulfate,quartz,silicon,NIPAM,Poly(N-isopropylacrylamide),poly(vinyl acetate),SO42,Cl,Br,sulfate,hydrogen,amides,isopropyl,hydrocarbons,polystyrene,sodium chloride,Silicon,silicon oxide,N-Isopropylacrylamide,NIPAAm,hexane,Potassium persulfate,"N,N,N‘,N‘-tetramethylethylenediamine",TMEDA,Dimethylvinylchlorosilane,toluene,chloroform,Milli-Q,sulfuric acid,hydrogen peroxide,dimethylvinylchlorosilane,vinyl,nitrogen gas,Teflon,potassium persulfate,methanol,DMF,LiBr,silicon nitride,Na2SO4,amide,amide dehydration.32,NaCl
acs.macromol.6b00345,Methyl Acrylate,Cu,methyl acrylate,dimethyl sulfoxide,DMSO,acetonitrile,MeCN,tris[2-(dimethylamino)ethyl]amine,Me6TREN,tris(2-pyridylmethyl)amine,TPMA,(macro)alkyl halide,transition metal,alkyl halides,alkyl,halogen,alkyl halide,methyl 2-bromopropionate,CuI,Cu0,copper,(meth)acrylates,(meth)acrylamides,styrenes,AIBN,methanol,HCl,Methyl 2-bromopropionate,MBrP,Methyl acrylate,alumina,nitrogen,CuII,(1)(2)In,(macro)alkyl halides,3)(4,DPn,acrylates,–1 s–1,poly(methyl acrylate),"kt,Cu(0)",9)(10,copper(I),Cu(0),Cu(I),copper(0)
ma400866u,Poly(ferrocenylmethylsilane),Polymetallocene,Polyferrocenylsilanes,PFSs,silicon,[1]methylsilaferrocenophane Fe(μ-C5H4)2SiMeH,poly(ferrocenylmethylsilane),PFMS,R = Me,H,Me,n-BuLi,Na[C5H5],Si,Transition metal,polyferrocenylsilane,1H,13C,iron,organosilicon,PFS,transition metal,Et,poly(ferrocenyldimethylsilane),PFDMS,n-Bu,n-Pentyl,Cl,hydrogen,polypropylene,polyvinyl chloride,[1]ferrocenophanes,Et3SiH,organolithium,[1]dimethylsilaferrocenophane,Silicon,ferrocenophanes,Mn,29Si,1H and 13C,THF,PhLi,l-PFMSA2,dimethyl,Si-n-Bu,LiCl,-Si(MeH),−SiMeH(n-Bu),[1]silaferrocenophanes,Fe-Cp,MeOH,methyl,-OMe,−Si(MeH),−Si(MeH)Cp,−Si(MeH)OMe,Si–H,cyclopentadienyl,Li[C5Me4H],Transition Metal,ROP,PtCl2,toluene,−SiCH3,"1,1′-dilithioferrocene",methyltrichlorosilane,poly(ferrocenylmethylphenylsilane),[1]methylphenylsilaferrocenophane,halo,oligo(ferrocenyldimethylsilanes),poly(ferrocenyldihydrosilane),n-hexane,O’Driscoll,Polyferrocenylsilane,1H and 29Si,nitrogen,[1]Methylsilaferrocenophane,Dichloromethylsilane,CaH2,alumina,copper,Na,benzophenone,Hg,styrene/divinylbenzene,VE 3580,VE 3210,VE270,butylated hydroxytoluene,BHT,PTFE,Nd,dithranol,Cu,carbon,JEOL 1200EX Mk1,TlCl,aluminum,methanol,acetone,oxygen,CDCl3,SiCH3,ipso-C,-Si(MeH)−,Ar,hexanes,NH4Cl,−Si(MeH)−,-Si(MeH)n-Bu,Al2O3,platinum,*Author Status
ma400304u,Vinylidene Fluoride,Alaaeddine,Telephone,vinylidene fluoride,VDF,H2C═CRACF3,H,F,tBu,CF3,OCF3,•CF3,"perfluoro-3-ethyl-2,4-dimethyl-3-pentyl",trifluoromethyl,poly(VDF-co-H2C═CRACF3),poly(VDF-co-F2C═CFRB),19F,1H,methylene,"3,3,3-trifluoropropene",[VDF]o,[comonomers]o,weight-fluoropolymers,2-trifluoromethacrylic acid,MAF,tert-butyl 2-trifluoromethacrylate,MAF–TBE,"2,3,3,3-tetrafluoroprop-1-ene",hexafluoropropylene,HFP,perfluoromethyl vinyl ether,PMVE,TBE,trifluoroethylene,isobutylene,fluoropolymers,CF3–poly(VDF)–CF3,poly(VDF-co-MAF–TBE)–CF3,Br,SO2Y,Na,Cl,bis(trifluoroacetyl) peroxide (CF3CO2)2,CF3–paracyclophane,alkyl,perfluoroalkyl,perfluoro-4-methyl-3-ethyl-2-pentene,fluorinated alkenes,perfluoroalkyl vinyl ethers,"pyro-, ferro- and piezo",PVDF,PVDF-g-poly(M),poly(ethylene oxide),epoxide,azido,cyanato,isocyanato,TFP,TrFE,Mn,polystyrene,poly(methyl methacrylate),CO2R,poly(VDF-co-M),2-Trifluoromethacrylic acid,"1,1-Difluoroethylene","1,1,1,3,3-pentafluorobutane","3,3,3-Trifluoropropene",Trifluoroethylene,Acetonitrile,calcium hydride,Deuterated acetone,deuterated chloroform,acetone,tetramethylsilane,TMS,CFCl3,1H [or 19F],tetrahydrofuran,HR3,PTFE,θH2O,nitrogen,oxygen,Perfluoroalkyl,"Perfluoro-3-ethyl-2,4-dimethyl-3-pentyl",fluorine,"perfluoro-3-ethyl-2,4-dimethylpentane",Na2CO3,perfluoro-3-ethyl-4-methyl-2-pentene,perfluorotri-n-propylamine,borosilicate,dimethyl sulfoxide,methanol,acetonitrile,fluorinated VDF,pentane,acetone-d6,CF3–CH2–CF2,·CF3 radical onto CH2 of VDF,CH2–CF2,CF2,CH2–CH2–CF2,CF3CH2CF2−,−113,CH2,2-Trifluoromethacrylic Acid,tert-Butyl 2-Trifluoromethacrylate,diethyl ether,COOH,tert-Butyl 2-Trifluoromethylacrylate,Poly(VDF-co-MAF–TBE),tert-butyl −C(CH3)3 of MAF–TBE,CH2 of VDF,−CH2C(CF3)COOtBu of MAF–TBE,Poly(VDF-co-MAF),−CH2C(CF3)COOH,CH2CF2,−CH2CF2CH2C(CF3CO2H)−,poly(VDF-co-TFP),CF3–CH2CF2,"2,3,3,3-Tetrafluoroprop-1-ene","poly(VDF-co-2,3,3,3-tetrafluoropropene-1-ene)",−CH2,−CH2CF2–CH2CF2,−CH2CF2,−CH2CF2–CF2CH2–CH2CF2,−CH2–CF(CF3),CF2═CF-R′,Perfluoromethyl Vinyl Ether,poly(VDF-co-PMVE),CF2CF(OCF3),−110,−122,Hexafluoropropylene,poly(VDF-co-HFP),CF2CH2–CH2CF2,CF3CH2CF2,CH2CF2CF2CH2,CF2CFCF3,"1,1,2-trifluoroethylene",poly(VDF-co-TrFE),CF2CH2CH2CF2,CH2CF2–CH2CF2,−104,−105,−CH2CF2–CFHCF2,−121,−CF2CFH−,"1,1,1,3,3-Pentafluorobutane",perfluoroalkene,4JFF,fluoroolefins,[VDF]o+[MAF–TBE]o,poly(VDF-co-MAF–TBE),VDF–VDF,fluorinated olefins,exotherm,poly(VDF-co-MAF),carboxylic acid,tert-butyl,tert-butyl ester,isobutene,hydrogen,carbonyl,hydroxyl,(VDF)n,olefin,poly(VDF-alt-TFP),"2,3,3,3-Trifluoroprop-1-ene",persulfate,fluoroalkene,poly(VDF-co-1234yf)–CF3,poly(VDF-co-1234yf),−CH2CF2–H,methylenes,−CH2CF2–CH2CF(CF3),tertiary fluorine,−78,CF3–CH2–CF(CF3),CF3–poly(VDF-co-PMVE)–CF3 fluoroelastomers,−OCF3,−CH2CF2CF2CH2−,−CF(OCF3),CF3–poly(VDF-co-HFP)–CF3,CF3–poly(VDF-co-PMVE)–CF3,CF3–poly(VDF-co-HFP)–CF3 fluoroelastomers,chlorotrifluoroethylene,·CF3,CF3–poly(VDF-co-TrFE)–CF3,CF3–CH2CF2–X–,difluoromethyl,CF3–CF2CH2–,CF3–CF2CFH–,C4F9–CH2CF2–CFHCF2–I,C4F9–CH2CF2–CF2CHFI,C4F9–CH2CF2–I,−CFHCF2–CFHCF2– dyads,SEC,CF3–CH2CH(CF3),CF3–poly(VDF-co-M)–CF3,Appendix 1,Appendix 2,Mo,MCF3,B.A,Fluorine
ma301423u,Poly(acrylonitrile),‡ A.N,alex_malkin,poly(acrylonitrile),PAN,–dimethyl sulfoxide,DMSO,dimethylformamide,sodium thiocyanate,poly(ethylene oxide),polyacrylonitrile,carbon,acrylonitrile,methyl acrylate,sodium itaconate,DMF,itaconate,poly(acrylonitrile/butyl acrylate),ammonium persulfate,sodium bisulfate,N-methylpyrrolidone,hydrogen,hexadecane,polyethylene,Ternary Systems,thiocyanate,butyl acrylate,Na itaconate,alcohol,fluorinated alcohol,oxygen,amide,sulfanyl,COO,itaconic acid,nitrile,carbonyl,PEO,carboxyl,PAN copolymer,carboxylate,nitrogen,sulfur,carboxylate sodium,H
ma901609r,PMMA,Ni(acac)2,Daejeon 305-701,335Gwahangno,Ph,Poly(methyl methacrylate),carbon,nickel(II) acetylacetonate,methylaluminoxane,methylene chloride,ethylene,propylene,metallocene,MAO,polyolefin,kaolin,silica,graphite,Nickel(II) acetylacetonate,methyl acrylate,MMA,nitric acid,PTFE,CaH2,Toluene,sodium metal,benzophenone,nitrogen,n-heptane,Co,Methylaluminoxane,MMAO-3A,toluene,Carbon,methanol,HCl−methanol,1H,CDCl3,LEO 1455 VP microscope,nitric,oxygen,carbonyl,carboxylic acid,−OH,⟩C═O,C60,tetrahydrofuran,THF,C−H,C═C,C═O
ma202694p,Benzoxazine,Benzimidazole,*Phone +82 31 280 8162,H3PO4,benzoxazine–benzimidazole,"poly[2,2′-(m-phenylene)-5,5′-bibenzimidazole]",PBI,"3-phenyl-3,4-dihydro-6-tert-butyl-2H-1,3-benzoxazine",pBUa,"N,N-dimethylacetamide",Nafion,CO,polybenzimidazole,phosphoric acid,imidazole,Polybenzoxazines,phenolic,cyclic benzoxazine,phenol,amine,benzoxazine,polybenzoxazine,Mannich base,−CH2–N(R)–CH2−,polybenzoxazines,Benzoxazines,Isophthalic acid,ethanol,"3,3′-Diaminobenzidine",poly(phosphoric acid),PPA,phosphorus pentoxide,poly(vinylidene fluoride),PVDF,Mn,4-tert-Butylphenol,p-formaldehyde,aniline,"3-Phenyl-3,4-dihydro-6-tert-butyl-2H-1,3-benzoxazine",4-tert-butylphenol,p-Formaldehyde,N NaOH,1H,CDCl3,2H,13C,"Poly[2,2′-(m-phenylene)-5,5′-(bibenzimidazole)]","3,3′-diaminobenzidine",DABI,isophthalic acid,IPA,nitrogen,calcium chloride,NaHCO3,phosphate,ν N–H,ν C═N,DMSO-d6,3H,P(pBUa-co-BI) Membranes,P(pBUa-co-BI)-65,P(pBUa-co-PBI)s,DMAc,P(pBUa-co-BI),deuterated dimethyl sulfoxide,tetramethylsilane,TMS,H2SO4,poly(ethylene terephthalate),PET,Co,N-methyl-2-pyrrolidone,NMP,carbon,PtCo,PtRu,platinum,graphite,copper,MEA,hydrogen,Benzoxazine–Benzimidazole,(P(pBUa-co-BI)) Membranes,P(pBUa),DMSO,tert-butyl,oxazine,benzene,methylene,oxygen,carbons,P(pBUa-co-BI)s,P(pBUa-co-BI) membranes,"P(pBUa-co-BI)-65,-50,-35",hydroxyl,tert-amine,PEMs,polybenzimidazoles,Premier
ma900453c,*Corresponding author,carbon,prolate,N,Vp,Avogadro,TStat,bywhereThe,IV.2,IV.3,becomesOur,IV.4,p3Dr⊥ − 3 ln(p),GM52588
ma101288w,Ph,Nafion,oxygen,copolyimide,hydrogen,sulfonated aromatic hydrocarbon,sulfonic acid,Hydrogen,hydrogen peroxide,hydroxy,peroxy,"2,2′-Bis(3,4-dicarboxyphenyl)hexafluoropropane dianhydride (6FDA)",Co,"3,3′-Hydroxy-4,4′-diaminobiphenyl",HAB,trans-4-Nitrocinnamoyl chloride,NCC,"1,4,5,8-Naphthalenetetracarboxylic dianhydride",NTDA,"4,4′-Diaminobiphenyl-2,2′-disulfonic acid",triethylamine,N H2SO4,"3,3′-Bis(3-sulfopropoxy)benzidine",BSPB,Copolyimide,polyimide,isoquinoline,methanol,nitrocinnamate,6FDA-HABN,NMP,pyridine,6FDA-HABA,aminocinnamate,tin(II) chloride dihydrate,SnCl2·2H2O,hydrochloric acid,HCl,6FDA-HABA-g-NTDA-BDSA,dianhydride,polyimides,m-cresol,sulfonated anhydride,anhydride,6FDA-HABA-g-NTDA-BDSA polyimides,ethyl acetate,6FDA-HABA-g-NTDA-BSPB,6FDA-HABA polyimide,DMSO,ethanol,Mn,Dimethylformamide,lithium bromide,polystyrene,NaOH,aluminum,nitrogen,peroxide,Fenton’s reagent,H2O2,FeSO4,platinum,Teflon,K-315-H,sulfonated copolyimide,fluorinated polyimide,sulfonated copolyimides,sulfonated polyimide,1H,hydroxyl,vinyl,C═O,C−N,SO2,n(H2O),H2O,n(SO3),DO2,carbon monoxide,sulfonated diamine,diamine,"copolyimides, 6FDA-HABA-g-NTDA-BDSA and 6FDA-HABA-g-NTDA-BSPB",sulfonated diamines
ma202485h,Carbazole,Phenylazomethine,carbazole,phenylazomethine,tetraphenylmethane,Lewis acid,phenylene,Co,silica gel,hexane,chloroform,JEOL,Dithranol,THF,nitrogen,helium,quartz,glassy carbon,Pt,Ag,Ag+,"1,2-dichloroethane",tetra-n-butylammonium perchlorate,TBAP,Ir,Si,mercury,xenon,Tetrahydrofuran,TriSEC,carbazole-substituted benzophenone,Tetrakis(4-aminophenyl)methane,aniline,trityl chloride,DABCO,chlorobenzene,TiCl4,Celite,toluene,Et3N,1H,CDCl3,13C,dithranol,[M + H]+,C173H112N12: C,H,N,benzophenones,GnB,tetrakis(4-aminophenyl)methane,benzene,carbazoles,benzonitrile,benzene-substituted carbazole,SnCl2,carbazole-substituted phenylazomethines,ferrocene,ITO,Au,9-phenylcarbazole,9-phenylacarbazole,oxygen,H2O,H2O2,quinones,H2,diphenylamine,copper,carbazole–phenylazomethine
ma402475a,E. Likhtman*⊥,CLF,polybutadiene,polybutadienes,PBds,benzene,n-butyllithium,butadiene,methanol,(CH3)SiCl3,sec-Butyllithium,sec-BuLi,sec-butyl chloride,lithium,sodium,Chloroform,Polybutadiene,1H,CDCl3,PBd,trichlorosilane,benzene-methanol,"4-methyl-2,6-di-tert-butylphenol",nitrogen,C2,Ne,transition zone,diamonds,"4a)(4b)where R(t,τd,lin,ϕlin",Me,= ⟨(Rcm(τ + t) – Rcm(τ))2⟩,This gives(12),N,blue line,Φ(t),"R(t,τd,lin,ϕlin)",Gtotal(t),214627-DYNACOP
ma400597j,Poly(3-hexylthiophene),poly(3-hexylthiophene),P3HT,polystyrene,χtetrahydrofuran–P3HT,χCHCl3–P3HT,χtetrahydrofuran,χCHCl3,δP3HT,o-xylene,poly(alkylthiophene)s (PAT)s,alkyl,"(6,6)-phenyl-C61-butyric acid methyl ester",PCBM,methanol,hexane,formamide,P3AT,χTHF–P3HT,THF,tetrahydrofuran,nitrogen,N2,chloroform,χCHCl3–,χTHF–-P3HT,cyclohexanone,χcyclohexanone,CHCl3,Polystyrene,Mn,Silicon,ozone,toluene,silicon,quartz,HeNe,25-LHP-928-249,constant,δCHCl3,χTHF,χCHCl3–PS,χTHF–PS,poly(methyl methacrylate),polybutadiene,ρP3HT,χo-P3HT,T.H.E,J.A.E,E.M.F
ma2021369,Siloxane,Poly(p-xylylene),Schartel,disiloxane,[2.2]paracyclophane,siloxane,poly(p-xylylene),Poly(p-xylylene)s,PPXs,parylene,[2.2]paracyclophanes,quinodimethanes,PPX,iodine,bromine,ethyl,aminomethyl,cyano,poly(alkinyl-p-xylylene-co-p-xylylene),acrylic,acrylates,phenylene,Methyltriphenylphosphonium bromide,sodium hydrogen carbonate,magnesium sulfate,n-butyllithium,hexane,s-butyllithium,propylene carbonate,hydrochloric acid,xylene,"Pt(0)-1,3-divinyl-1,1,3,3-tetramethylsiloxane",Pt,sodium chloride,chloroform-d1,CDCl3,Tri-o-tolylphosphine,THF,DMF,diethyl ether,cyclohexane,phosphorus pentoxide,Hexane,toluene,ethanol,1H,13C,"1H,13C-HSQC","1H,1H",chloroform,polystyrene,QP5050 A,helium,ISO 5272–1BB,indium,zinc,aluminum,nitrogen,alumina,benzyltributylammonium bromide,ATR,diamond,Jeol,"4,12-Diformyl[2.2]paracyclophane",argon,s-butyllithum,dimethylformamide,saturated sodium hydrogen carbonate,2H,"4,12-Divinyl[2.2]paracyclophane",methyltriphenylphosphonium bromide,phosphonium,[2.2]Paracyclophane,pentamethyldisiloxane,Et2O,C30H52Si4O2,H,Si,quartz,borosilicate,methanol,"4,12-Dibromo[2.2]paracyclophane","4,12-diformyl[2.2]paracyclophane","4,12-dinvinyl[2.2]paracyclophane",siloxane-substituted PPX,CH3,O,1H and 13C,carbon dioxide,silicon,CO2,[CnH2n,3Si]+,trialkylsilanol,trialkylsilane,benzene,benzyl,alkyl disiloxane,monochloro-substituted PPX,5 Acknowledgment,Parylene
ma500866f,Li,methyl methacrylate,MMA,n-butyl acrylate,carbonyl,PMMA,amalgamate,acrylic,acrylic latex,hydrogen,carboxyl oxygens,sodium dodecyl sulfate,poly(ethylene glycol),urea,carbon,alkane carbon,epoxy,Mn,c20 = T0 – T∞ and B = c10c20,N,-methyl,PBA,COOCH2CH2CH2CH3,COOCH3,alkane,NPT,Hydrogen,oxygens,hydrogens,oxygen,carbonyls,ester oxygens,carbonyl oxygens,Carbonyls,MMA carbonyls,ΔP(t) = Pz(t) – [Px(t) + Py(t)],Carbonyl
ma0600308,Hydrogen,Oligosaccharides,hydrogen,H,sugar,oligosaccharides,sugars,"α-, β-, and γ-CD","oligosaccharides, linear malto- and cellooligosaccharides",malto,maltooligosaccharides,malto- and cellooligosaccharides,xylooligosaccharides,oligosaccharide,Maltooligosaccharides,carbohydrate,cellooligosaccharides,"docking,4b,c",cellobiose,O,disaccharides.4d,carbohydrates,glycolipids,maltose,disaccharide,disaccharides,monosaccharide,glucopyranosyl−glucopyranose,galactopyranosyl−glucopyranose disaccharides,linear malto- and cellooligosaccharides,"N,N-dimethylacetamide",DMAc,"LiCl,11",glucose,D(+),Carbohydrates,Toluene,LiCl,polystyrene,saccharide,toluene,"Oligosaccharides.10,13",KSEC,α-glucose,glucopyranosyl-glucopyranose,"α-, β-, and γ-cyclodextrins",CDs,maltohexaose,maltoheptaose,maltooctaose,"α-, β-, and γ-CDs",maltopentaose,cellopentaose,isomaltose,gentiobiose.10,O1−C1−O4,C1−O4‘,α-CD,β-CD
ma5009429,Carbodiimides,Nickel(II),carbodiimides,[bis(triphenylphosphino)aryl]nickel(II) bromide,titanium(IV),aryl,carbon,carbodiimide,nickel–nitrogen amidinate,Mn,19F,polycarbodiimides,Ni(II),aryl bromide,poly(4-bromostyrene),polycarbodiimide,CHCl3,transition metal,isocyanates,nickel(II),isocyanides,palladium(II),arylenes,phenylenes,thiophenes,fluorenes,selenophenes,polythiophenes,aryl(bromo) nickel(II),alkyne,alcohol,silica,poly(3-hexylthiophene),P3HT,alkoxide,amine,Ti(IV),titanium amidinate,amidinate,amidine,aryl bromides,Ni(COD)2,triphenylphosphine,PBrS,N-(S)-1-phenylethyl-N′-methylcarbodiimide,(S)-PEMC,bis(cyclooctadiene) Ni(0),bromobenzene,4-trifluoromethylbromobenzene,toluene,CaH2,N2,4-bromostyrene,2-cyano-2-propyldodecyltrithiocarbonate,AIBN,1H,13C,15N,31P,deuterated chloroform,dithranol,phenylmethyl siloxane,CDCl3,DMSO-d6,toluene-d8,tetramethylsilane,TMS,15N-benzamide,trichlorofluoromethane,CFCl3,phosphoric acid,H3PO4,PTFE,silicon,ViscoGEL,chloroform,polystyrene,"N,N-dimethylethylenediamine",Urea,ureas,Carbodiimide,Dibromotriphenylphosphorane,PPh3Br2,dry dichloromethane,DCM,Triethylamine,TEA,urea,thiourea,hexanes,triphenylphosphine oxide,sulfide,triethylammonium bromide,PPh3,benzonitrile,PhCN,"bis(1,5-cyclooctadiene)nickel(0)",methanol,2-propanol,"1,8-diazabicyclo[2.5.0]undec-7-ene",DBU,nickel,"1,4-dimethoxybenzene",DMB,Mono,MeOH,Poly(4-bromostyrene),"bis(1,5-cyclooctadiene) nickel(0)",bis(triphenylphosphino)aryl nickel(II) bromide,bis(triphenylphosphino)phenyl nickel(II) bromide,bis(triphenylphosphino)(4-trifluoromethylphenyl) nickel(II) bromide,Ni(0),Ni(I)Br,biaryl,deuterated CDCl3,15N-hexyl-N-phenylcarbodiimide,phenyl,hexyl,C═N imine nitrogen,poly(15N-hexyl-N-phenylcarbodiimide),Poly-1,backbone amine nitrogen,methylene,Polycarbodiimides,N-(R)-1-phenethyl-N′-methylcarbodiimide,N-(S)-1-phenethyl-N′-methylcarbodiimide,Poly-2(S),C═N imine,hydrogen,trifluoromethyl,η1-aryl,fluorine,fluorinated N-4-fluorophenyl-N′-doceylcarbodiimide,poly(N-4-fluorophenyl-N′-doceylcarbodiimide),Poly-3,4-trifluoromethylphenyl,4-fluorophenyl,bis(triphenylphosphino)aryl Ni(II) bromide,(S)-PPEMC,Poly-2S,(bistriphenylphosphino)aryl nickel(II) bromide,nickel–nitrogen
ma400813e,S-Vinyl Sulfide,sulfur,S-vinyl sulfide,thioether,vinyl,phenyl vinyl sulfide,PVS,4-chlorophenyl vinyl sulfide,CPVS,"2,4-dichlorophenyl vinyl sulfide",DCPVS,4-bromophenyl vinyl sulfide,BPVS,xanthate,dithiocarbamate,dithioester,1H,bromo,anthracene,fluorene,diphenylamine,phenothiazine,poly(BPVS),palladium,Sulfur,cyclic thiophene,(meth)acrylates,Thioether,styrene,polystyrene,poly(meth)acrylate,thiol,disulfide,dithiocarbamyl,methacrylate,pyridyl disulfide ethyl methacrylate,pendant pyridyl disulfide,di(meth)acrylates,acrylic,polythiol,(meth)acrylamides,2-nitrobenzylthioether,acetyl thioalkyl,cyclic vinyl,cyclic allyl sulfide,S-vinyl,(meth)acrylate,(meth)acrylamide,vinyl ether,"1,2-dibromoethane",S-vinyl sulfides,methyl acrylate,carbon,methyl vinyl sulfide,vinyl sulfide,vinyl sulfides,maleic anhydride,acrylonitrile,maleimide,Poly(PVS),dithiocarbonates,xanthates,O-vinyl,N-vinyl,N-vinylcarbazole,NVC,carbazolyl,poly(PVS),poly(NVC),bromophenyl,Flu,DPA,PTZ,poly(NVC)-b-poly(BPVS),"2,2-Azobis(isobutyronitrile)",AIBN,methanol,4-Chlorobenzenethiol,"2,4-dichlorobenzenethiol",4-bromobenzenethiol,sodium ethoxide,ethanol,9-anthraceneboronic acid,"9,9-dimethylfluoren-2-boronic acid",tetrakis(triphenylphosphine)palladium(0),Pd(PPh3)4,tris(dibenzylideneacetone)dipalladium(0),Pd2(dba)3,sodium carbonate,Phenyl vinyl sulfide,Benzyl dithiobenzoate,benzyl 1-pyrrolecarbodithioate,S-Benzyl-O-ethyl dithiocarbonate,O-ethyl-S-(1-ethoxycarbonyl) ethyldithiocarbonate,O-ethyl-S-(1-phenylethyl) dithiocarbonate,potassium ethyl xanthogenate,bromide,benzyl bromide,"CTA 3, methyl 2-bromopropionate",CTA,1-bromoethylbenzene,silica,n-hexane,ethyl acetate,S-Vinyl Sulfides,4-chlorobenzenethiol,nitrogen,4-chlorobenzenethiolate,benzene,NaCl,MgSO4,CDCl3,ArH,CH2═CH−,2H,13C,ArC,H,Cl,Br,1H and 13C,methine,CH2═CH,chloroform,acetone,THF,"1,4-dioxane",DMF,DMSO,Mn,poly(PVS)-b-poly(NVC),diethyl ether,Poly(BPVS),tetrakis(triphenylphosphine) palladium(0),Na2CO3,poly(BPVS-An),CH2-CH−,poly(BPVS-Flu),11H,−CH–S,CH2–CH–,−CH3,sodium tert-butoxide,NaO-t-Bu,tri-tert-butylphosphine,P(t-Bu)3,ammonia,CHCl3,poly(BPVS-PTZ),12H,CH2–CH−,poly(BPVS-DPA),JEOL,CHNS,LiBr,Polystyrene,Dithiocarbonates,vinyl acetate,N-vinylpyrrolidone,N-vinylindole,N-vinylphthalimide,vinyl sulfonate esters,sulfonate,S-benzyl-O-ethyl dithiocarbonate,dithiobenzoate,Dithiobenzoate,N-isopropylacrylamide,Dithiocarbamate,N-vinylnaphthalimide,[AIBN]0,poly(PVS)s,ester,O-alkyl xanthates,(1-ethoxycarbonyl) ethyl,dithiocarbonate,CH,CH2,methylene,macro-CTA,halogen,bromine,poly(N-vinyl carbazole),poly(PVS)-b-poly(NVC)s,"dry 1,4-dioxane",poly(BPVS) macro-CTA,poly(NVC) and poly(S-vinyl sulfide),poly(S-vinyl sulfide),trithiocarbonates,trithiocarbonate,nonconjugated S-vinyl sulfides,halide,boronic acid,Pd,aryl halide,phenyl,anthryl,N–H,tritert-butylphosphine,poly(BPVS-Br),dioxane,triphenyl amine,poly(BPVS-An-b-NVC),carbazole,Poly(BPVS-An),poly(BPVS-b-NVC),carbazole–carbazole,9-phenylanthracene,Palladium
ma902042x,Ohio 44106,*Corresponding author,silica,polystyrene,azo,nitroxide,carbon,ethyl acetate,N,χA−S = χB−S,χB−S,NB,poly(2-vinylpyridine),PVP,toluene,carboxyl-terminated PS,silicon,3-glycidoxypropyltrimethoxysilane,poly(methyl methacrylate),PMMA,PS-b-poly(4-hydroxystyrene)-b-PMMA,PS-b-poly(4-urethanopropyltriethoxysilylstyrene)-b-PMMA,PS-b-poly(tert-butyl acrylate),PtBA,carboxylic acid,TEMPO,nitrogen,"poly(styrene-co-2,3,4,5,6-pentafluorostyrene)",PSF,oxygen,acetone,Root-Mean-Square,poly(tert-butyl acrylate),tert-butyl acrylate,styrene,poly(acrylic acid),PAA,tert-butyl,chloroform,methanol,1H,DMF-d7,CDCl3,CD3OD,PtBA Mn,RuO4,Mn,CHCl3,n-octane,DMF,uranyl acetate,H2O,11-bromoundodecyltrimethoxysilane,pyridine,PVP-b-PS,PEO,poly(tert-butyl methacrylate),PtBMA,PtBMA-b-poly(glycidyl methacrylate)-b-PS,epoxy,carboxyl,poly(methacrylic acid),PMAA,polyamide,PS-b-poly(4-vinylpyridine),bromoalkyl,poly(N-isopropylacrylamide),dithioester,thiol,HAuCl4,PNIPAm,Au,4-mercaptophenol,polybutadiene,poly(ethylene oxide),hexane,THF,glassy PS,benzene,cadmium acetate,poly(cadmium acrylate),H2S,CdS,Cd2+,PS,oligo(ethylene glycol),poly(ethoxydi(ethylene glycol) acrylate),PDEGA,poly(DEGEA-co-oligo(ethylene glycol) acrylate),P(DEGA-co-OEGA),trithiocarbonate,pyrene,thiols,PS-b-PVP,B.Z,DMR-0906913
ma401274r,PBDTT–,TPD,"benzo[1,2-b:4,5-b′]dithiophene","pyrrolo[3,4-c]pyrrole-1,4-dione","thieno[3,4-c]pyrrole-4,6-dione",PBDTT–DPP75–TPD25,"[6,6]-phenyl-C71-butyric acid methyl ester",PC71BM,PBDTT–DPP,DPP,PBDTT–DPP10–TPD90,PBDTT–DPP90–TPD10 and PBDTT–DPP75–TPD25,D–A,lactam,"poly[thienyl-substituted benzo[1,2-b:4,5-b′]dithiophene-pyrrolo[3,4-c]pyrrole-1,4-dione-thieno[3,4-c]pyrrole-4,6-dione]copolymers","2,6-Bis(trimethyltin)-4,8-bis(5-ethylhexyl-2-thienyl)benzo[1,2-b:4,5-b′]dithiophene","2,5-dibutyloctyl-3,6-bis(5-bromothiophen-2-yl)pyrrolo[3,4-c]-pyrrole-1,4-dione","1,3-dibromo-5-octylthieno[3,4-c]pyrrole-4,6-dione",P(o-tolyl)3,chlorobenzene,methanol,hexane,acetone,dichloromethane,chloroform,PBDTT,BDTT,H,PBDTT–DPP90–TPD10,PBDTT–DPP25–TPD75,1H,o-dichlorobenzene-d4,Polystyrene,o-dichlorobenzene,nitrogen,Pt,Ag,acetonitrile,tetrabutylammonium hexafluorophosphate,Bu4NPF6,"1,8-diiodooctane",PEDOT,LiF,Al,ITO,isopropyl alcohol,ozone,silicon,PBDTT–DPP50–TPD50,Mn,butyloctyl,lactam N,octyl,nitrogen-saturated anhydrous acetonitrile,ferrocene,ferrocenium,fullerene,Au,Spartan 08,methyl,(BDTT-DPP)3,BDTT-DPP)-(BDTT-TPD)-(BDTT-DPP,BDTT-TPD)-(BDTT-DPP)-(BDTT-TPD,(BDTT-TPD)3,PCBM,alkyl
ma102289w,Poly(tetramethyl glycolide),Carbon,Polyester,Tikushino,poly(l-lactic acid),PLLA,-lactide,ester−semiacetal,lactic acid,poly(tetramethyl glycolide),PTMG,tetramethyl glycolide,TMG,α-hydroxyisobutyric acid,HIBA,cyanhydrin,methyl methacrylate,carbons,methacrylic acid,acetone,l-lactic acids,pyruvic acid,l-lactic acid,α-hydrogen,carbon,α-keto,methyl pyruvate,hydroxyl-group protected ethyl d,l-lactate,methoxymethyl,l,methane,sulfonic acid,Mn 90 000,methacrylic ester,MMA,poly(methyl methacrylate),PMMA,Mn 70 000,polyester,lactic,pyruvic acids,1H
ma5016209,Poly(anilinephosphonic acid),*(T.A.) E-mail,Polyanilines,polyaniline,emeraldine,polysemiquinone,polyanilines,polyaniline sulfonic acid,poly(2-methoxyaniline-5-sulfonic acid),PMAS,phosphonic acid,phosphonic acid monoethyl ester,poly(2-methoxyaniline-5-phosphonic acid),PMAP,poly(2-methoxyaniline-5-phosphonic acid monoethyl ester),PMAPE,phosphonic acid monoester,sulfonic acid,methylene,Milli-Q,pyridine,NaOH,indium tin oxide,ITO,acetone,ethanol,CX-180N,aniline,phosphonate,sodium,benzenoid,quinoid,9 S m–1,di- or monoacid
ma3025283,PEG,PCL,vinyl,disulfide,AmBn,styrene,tert-butyl acrylate,methyl methacrylate,N-isopropylacrylamide,AmBnCo,(PEG)m(PCL)n,1H,bromide,Cu(I),azide–alkyne,bismaleimide,vinylbenzyl,N-(2-hydroxyethyl) maleimide,HEMI,A2mB2n,poly(ethylene glycol),poly(ε-caprolactone),thiol,2-((2-(acryloyloxy)ethyl)disulfanyl)ethyl 4-cyano-4-(phenylcarbonothioylthio)pentanoate,ACP,AmBnCo (m ≈ n),dithiobenzoate,hydroxyl,ε-Caprolactone,bis(2-hydroxyethyl) disulfide,calcium hydride,Styrene,4-vinylbenzyl chloride,VBC,MMA,tBA,alumina,N-Isopropylacrylamide,NIPAM,hexane,toluene,"2,2′-Azobis(isobutyronitrile)",AIBN,ethanol,Monomethoxy poly(ethylene glycol),MPEG,Vinylbenzyl,2-(2-cyanopropyl) dithiobenzoate,CPDB,4-cyanopentanoic acid dithiobenzoate,4-CPDB,2-((2-hydroxyethyl)disulfanyl)ethyl 4-cyano-4-(phenylcarbonothioylthio)pentanoate,"N,N′-Dicyclohexylcarbodiimide",DCC,4-dimethylaminopyridine,DMAP,Dithiothreitol,DTT,doxorubicin hydrochloride,Co,Dichloromethane,DCM,dioxane,CaH2,Tetrahydrofuran,THF,sodium,benzophenone,nitrogen,2-((2-(Acryloyloxy)ethyl)disulfanyl)ethyl 4-Cyano-4-(Phenylcarbonothioylthio) pentanoate,acrylic acid,CDCl3,2H,CH═CH2,CH2O,CH2S,CH2CH2CO,CH3,13C,C═O,PhC,CH3CCN,CH2,C20H23NO4S4,H,Sn(Oct)2,anisole,NCH2CH2O,CH2N,CH2OH,CH2CO,CH2CH2CH2CH2O of PCL,NCH2,CH2CH2OH,CH2CH2O,CH2CH2CH2O,CH2CH2CH2CH2OH,CH2CH2CH2OH,Vinyl,St-PEG,diethyl ether,PhH,PhC(═S)S,CH of MI-PCL,CH2N of MI-PCL,CH3O,CH,Bu3P,multithiol,(PEG)m(PCL)n(SH)o,hydrazine,methanol,(PEG)m(PCL)n(PSt)o Copolymer,ArH,(PEG)m(PCL)n(PtBA)o Copolymer,(PEG)m(PCL)n(PMMA)o Copolymer,PMMA,(PEG)m(PCL)n(PNIPAM)o Copolymer,PNIPAM,DMSO,phosphate,doxorubicin,DOX hydrochloride,triethylamine,DOX,FLS920,1H and 13C,N,maleimide,CH2CH2CH2CH2O,"Mn,NMR(St-PEG)",DPPCL,Multithiol,AmBn(SH)o,polystyrene,PSt,poly(tert-butyl acrylate),PtBA,poly(methyl methacrylate),poly(N-isopropylacrylamide),CHS,poly(styrene-alt-maleimide) backbones,(PEG)m(PCL)n(PtBA)o,Mn,"PEG, B = PCL",C = PtBA,DC2-SH > C1 > DC2,DC2-SH,C1 + DTT
ma102524a,P3HT,PCBM,Sheffield S1 3JF,Sheffield S3 7HF,silicon,Poly(3-hexylthiophene),"[6,6]-phenyl-C61-butyric acid methyl ester",Mn,poly(vinyl chloride),transition of PCBM,Transition B,transition D,dithranol,chloroform,nitrogen,chlorobenzene,acetone,isopropyl alcohol,N2,Tritec,Triton,nitrogen gas,Si,Diamond,helium
ma8015568,"Poly(2,2′-dioxy-1,1′-biphenyl)phosphazene",Oviedo 33071,+ 34918854763,HBF4,acetone,"poly(2,2′-dioxy-1,1′-biphenyl)phosphazene",HCl,H2SO4,P+-NH,P,Cl−,P+−NH,MALS,Polyphosphazenes,[NPCl2]n,THF,"2,2′-dihydroxy-1,1′-biphenyl",C6H4−C6H4−OH,K2CO3,polyphosphazene,phosphazene,biphenoxyphosphazene,aryloxyphosphazene,amines,esters,carboxylic acids,polyamide,transition metal,thioaryloxy,aryloxy-phosphazenes,[NP(O2C12H8)]n,polyphosphazenes,SEC−MALS,N2,diethyl ether,Mn,H,N,31P,1H,CDCl3,13C{1H},31P{1H},H3PO4,Chlorine,tetra-n-butylammonium bromide,polystyrene,Dawn-DSP-F,toluene,sodium,benzophenone,Tetrahydrofuran,tetra-n-butyl ammonium bromide,Xe,Huber,Ministat,Pt-100,Ludox,isopropyl alcohol,HCl acid,P4O10,biphenol,NH4(H2PO4),[NP(O2C12H8)]n(I),sulfuric acid,phosphorus,white precipitate,NEt3,hydrochloric acid,triphosphazene [N3P3(O2C12H8)3],(NH4)H2PO4,poly(diphenoxyphosphazene),Cl,chlorine,poly(biphenoxyphosphazene),1H and 13C,chloroform,nitric acid,HBF4 acid,nitric oxides,P−OH,ammonium dihydrogenophosphate,N−P,H+,O,Mo,"1,1′-biphenyl",biphenyl,spiro polyphosphazenes,binaphthoxy,poly(binaphthoxyphospaze),nitrobenzene,250 M−1,MEC-04-CTQ2004-01484,CTQ2005-04710
ma9011208,Yohei Miwa*,*Corresponding author,Telephone,Poly(cyclohexyl acrylate),PCHA,polystyrene,poly(methyl acrylate),PMA,poly(propylene glycol),PPG,poly(ethylene glycol),PEG,nitroxide,poly((4-pentiloxy-3′-methyl-4′-(6-acryloxyexyloxy))azobenzene),cholestane,Landel,decalin,glycerol,3-methylpentane,o-terphenyl,1-propanol,sorbitol,sucrose,octaacetane,nitroxides,n-(p-methoxybenzlidene)-p-butylaniline,Styrene,methyl acrylate,Cyclohexyl acrylate,Poly(ethylene oxide),Ltd. tert-Butyl acrylate,2-bromopropionic acid tert-butyl ester,1-phenylethyl bromide,Poly(propylene glycol)bis(2-aminopropyl ether),"N,N,N′,N′,N′′-pentamethyldiethylenetriamine",methyl 2-bromo-propionate,CuBr,"1,1,4,7,10,10-hexamethyltriethylenetetramine",pyridine,thionyl chloride,"2,2,6,6-tetrametyl-4-aminopiperidine-1-oxyl",4-amino-TEMPO,"3-(carboxy)-2,2,5,5-tetramethyl-1-pyrrolidinyloxy",3-carboxy-PROXYL,"4-hydroxy-2,2,6,6-tetramethylpiperidine 1-oxyl",TEMPOL,diethyl ether,Benzene,calcium hydride,Toluene,anisole,methanol,Polystyrene,poly(cyclohexyl acrylate),Mn,Poly(ethylene glycol),toluene,indium,nitrogen,quartz,JEOL,Mn2+,THF,S,poly(ethylene oxide),PEO
ma062514%2B,Dicarboxylic Acids,Diols,Hydroxyl,Nagoya 466-8555,aliphatic polyesters,polyesters,polyester,hydroxyl,poly(butylene succinate-co-butylene malate)2 and poly(butylene tartrate),triols,divinyl adipate,poly(sorbityl adipate),sorbitol,adipic acid,primary alcohol,alcohol,diols,dicarboxylic acid,dicarboxylic acids,rare-earth trifluoromethanesulfonate,Mn,carbon,bromo,secondary hydroxyl,pendent hydroxyl,tartaric acid,malic acid,rare-earth trifluoromethanesulfonates,scandium,yttrium,samarium,ytterbium,Yb(OTf)3,scandium trifluoromethanesulfonimide,carboxylic acid,3-hydroxybutyric acid,ethanol,Sc(OTf)3,CHCl3,polystyrene,"1,9-nonanediol","1,9-ND",poly(nonamethylene dl-malate),1H,13C,carboxylic,"1,7-heptanediol",1H nor 13C,poly(nonamethylene l-tartrate),l-TA,Lewis acids,Y(OTf)3,Sc(NTf2)3,secondary alcohols,poly(nonamethylene tartrate-co-nonamethylene succinate),glycerol,dichloromethane,glucose pentaacetate,glycosyl,BF3,Et2O,sugar,poly(nonamethylene l-tartrate) and poly(nonamethylene dl-malate)
acs.macromol.5b02713,Imogolite–Poly(acrylic acid) Hydrogel,imogolite–poly(acrylic acid),imogolite,silica,poly(ethylene oxide),poly(N-isopropylacrylamide),Imogolite,aluminosilicate,(OH)3Al2OSiOH,AlOH,SiOH,peroxide,acrylic acid,acrylamide,methylenebis(acrylamide),Imogolite–poly(acrylic acid),H2O,Milli-Q,D2O,60Co,N2,Acrylic acid,oxygen,4C and 9A beamlines,Λ = l,quartz,cellulose acetate,Cd,poly(acrylic acid),PAA,aluminol,Al–OH,1 + Ξ2q2,Ornstein,2015M2B2A9032029
ma301980w,Massimiliano,poly(vinyl acetate),aluminum,poly(methyl methacrylate),PMMA,PVAc,silicon oxide,Poly(vinyl acetate),toluene,chromium,Al,nitrogen gas,nitrogen,dioctyl phthalate,DOP,polystyrene,Au,n-octyltrichlorosilane,OTS,hexamethyldisilizane,HMDS,poly(tert-butylstyrene),hydrogen-passivated silicon,SiOx,Al2O3,Figure S1,H.K.N
ma301689h,LDPE,maleic anhydride,organo,montmorillonite,OMMT,carbonyl,Polyolefin,silicates,polyolefin,silicate,MAH,anhydride,hydrogen,OH,−OH,Si,O,oxygen,Si–O dipoles,poly(methyl methacrylate),PMMA,tyramine hydrochloride,C═O,H,tyramine,oxygens,ester,Ethylene-co-propylene,diethylmaleate,dimethyl-dihydrogenated,quaternary ammonium chloride,toluene,carbonyl ester,EPM-g-DEM,polyethylene,Maleic anhydride,succinic anhydride,organo-montmorillonite Dellite 72T,dimethyl,quaternary ammonium,octadecyl,PE-g-MAH,alumina,nitrogen,indium,mercury,Cu,diamond,potassium bromide,nitrogen gas,Spartan ‘10’,hydroxides,silicon,Si–O,Al,hydroxyl,Al2OH,Fe3,AlOH,MgAlOH,succinic acid,polyethylene CH2,carboxylic acid,A(1890–1675),grafted succinic acid,carboxylic ester,MMT,carboxylic acid C═O,carboxylic
acs.macromol.5b00315,Carbon Monoxide,Polyketones,palladium,[2.2.1]oxabicyclic alkenes,carbon monoxide,polyketones,polymer 2,poly(aryne-alt-carbon monoxide)s,o-arylene,carbonyl,Aromatic polyketones,arylene,aromatic polyketones,biaryl,teraryl,transition-metal,diaryl ketone,biarylene,terarylene,Ar3–Ar4,ketonic carbonyl,arylene dihalides,bis(α-amino nitrile)s,poly(arylenecarbonyl)s,p-arylene,alkenes,γ-polyketones,aliphatic polyketones,aryne,poly(o-arylene)s,[2.2.1]oxabicyclic alkene,polystyrene,phosphine–sulfonate,"6,7-bis(octyloxy)naphthalen-1-ol",Mn,Diphosphine,"1,2-bis(diphenylphosphino)ethane",dppe,"1,3-bis(diphenylphosphino)propane",dppp,"1,4-bis(diphenylphosphino)butane",dppb,nitrogen,"2,2′-bipyridine","1,10-phenanthroline",phosphine,sulfonate,palladium complex,H,−(CH)4−,"1,2-dichloroethane",long alkyl,C8H17,alkoxy,OC8H17,hydrogen chloride,"1,4-dioxane",sulfuric acid,13C,keto,C═O,ketal,−OCO,oxabicyclic,ketone,−OCO–; blue a′,CO,CO – H2O,dinitrogen,poly(phenylenecarbonyl)s,p-phenylene
acs.macromol.5b00965,Edgar H,trithiocarbonates,TTCs,polyacrylates,polyacrylamides,nitroxide,Ir,(meth)acrylate,carbon,halogen,thio,thiocarbonylthio,C═S,sulfur,vinyl,thiocarbonyl,carbonyl,C═O,methyl acrylate,2-hydroxyethyl acrylate,HEA,oligo(ethylene glycol) ethyl ether acrylate,OEGA,tert-butyl acrylate,tBA,ethylene glycol diacrylate,EGDA,alumina,N-Isopropylacrylamide,NIPAM,hexane,Benzyldodecyl carbonotrithioate,2-(((Butylthio)carbonothiolyl)thio)propanoic acid,Dimethyl sulfoxide,DMSO,dimethylformamide,DMF,acetone,toluene,tetrahydrofuran,THF,Dioxane,Deuterated chloroform,CDCl3,Maya 2000Pro,1H,polystyrene,LiBr,argon,2H,−[CH2–CH]n,−[CH2–CH]n−,acrylate,acrylamide,H2C═CH,trithiocarbonate,benzyldodecyl trithiocarbonate,dimethyl sulfoxide,oxygen,Mn,poly(methyl acrylate),PMA,2-(((butylthio)carbonothiolyl)thio)propanoic acid,PMA-b-PMA,oligo(ethylene glycol) methyl ether acrylate,Acrylamides,poly(tert-butyl acrylate),PtBA,acrylamides,N-isopropylacrylamide,dioxane,PNIPAM,divinyl acrylate,acrylates,FT110100411
acs.macromol.5b02276,Fullerene,P3HT-b-PPC61BM,poly(3-hexylthiophene)-block-PPCBM,P3HT-b-PPCBM,P3HT,polystyrene,fullerenes,fullerene,poly(p-phenylenevinylene),poly(3-hexylthiophene),perylene bisimide,PBI,poly(diketopyrollopyrole),"poly((9,9-dioctylfluorene)-2,7-diyl-alt-[4,7-bis(thiophen-5-yl)-2,1,3-benzothiadiazole]-2′,2″-diyl)",PFTBT,P3HT-b-poly(perylene bismide),C60,alkyne–azide,phenyl-C71-butyric acid methyl ester,PC71BM,Polystyrene,phenyl-C61-butyric acid methyl ester,PC61BM,1 × 10–4 cm2 V–1 s–1,pendant PC61BM polystyrene,pendant PC61BM fullerenes,P3HT:PC61BM,PSOH,P3HT-b-PSOH,copper(I),azide–alkyne,Ethynyl,ethynylmagnesium chloride,poly(4-hydroxystyrene-stat-4-methoxystyrene) PSOH,nitroxide,azide,styrene,4-hydroxystyrene,4-methoxystyrene,OH,ethynyl,copper(I) iodide,"N,N,N,N,N-pentamethyldiethylenetriamine",PMDETA,THF,P3HT-alkyne,aluminum oxide,methanol,acetone,"1,2,4-trichlorobenzene",phenyl-C61-butyric acid,PCBA,dicyclohexylcarbodiimide,DCC,"4-(N,N-dimethylamino)pyridine",DMAP,N-acyl urea,P3HT–alkyne,hydroxyl,P3HT versus PC61BM,P3HT-b-PSOH 1–3 and P3HT-b-PPCBM 1–3,alkyne,Mn,P3HT-b-PSOH 1–3,ether,P3HT-b-PPCBM 1–3,P3HT-b-PPCBM 2–3,PPCBM,pendant adamantane,carbazole,transition of P3HT-b-PPCBM 2–3,PCBM,chloroform,H-aggregates,–3 to 3 × 10–3 cm2 V–1 s–1 for P3HT-b-PPCBM 1–3,1 × 10–7 to 5 × 10–6 to 2 × 10–5 cm2 V–1 s–1 for P3HT-b-PPCBM 1–3,fullerene–fullerene,1H,ethylnyl-terminated poly(3-hexylthiophene)
ma102661s,Polythiophenes,2-12-1-H-120,O-okayama,Meguro-Ku,"poly(3-(4′-(3′′,7′′-dimethyloctoxy)phenyl)thiophene)",P3PhT,"poly(3-(4′-(3′′,7′′-dimethyloctoxy)-3′-pyridinyl)thiophene)",P3PyT,Grignard metathesis,GRIM,phenyl,pyridinyl,3-phenylthiophene,thiophene,poly(3-hexylthiophene),P3HT,PTs,poly(3-alkylthiophene)s,poly(3-(4-octylphenyl)thiophene),POPT,FeCl3,poly(3-(4-dodecylphenyl)thiophene),vanadium acetylacetonate,carbon,1H,Tetrahydrofuran,THF,sodium benzophenone,nitrogen,Thiophene-3-ylboronic acid,Lithium chloride,"3-(4′-(3′′,7′′-Dimethyloctoxy)phenyl)thiophene",4-(Thiophene-3-yl)phenol,"1-bromo-3,7-dimethyloctane",K2CO3,acetone,ethyl acetate,MgSO4,silica gel,hexane,"3-(4′-(3′′,7′′-dimethyloctoxy)phenyl)thiophene",CDCl3,ArH,2H,−O−CH2,alkyl,19H,13C,C20H28OS,H,O,"2-Bromo-3-(4′-(3′′,7′′-dimethyloctoxy)phenyl)thiophene",N-Bromosuccinimide,succinimide,"2-bromo-3-(4′-(3′′,7′′-dimethyloctoxy)phenyl)thiophene",Alkyl,C20H27BrOS,Br,"2-Bromo-3-(4′-(3′′,7′′-dimethyloctoxy)phenyl)-5-iodothiophene",CHCl3,iodine,iodobenzene diacetate,Na2S2O3,"2-bromo-3-(4′-(3′′,7′′-dimethyloctoxy)phenyl)-5-iodothiophene",C20H26BrIOS,"5-Bromo-2-(3′,7′-dimethyloctyloxy)pyridine","3,7-Dimethyl-1-octanol",NaH,5-bromo-2-iodopyridine,CuBr,CH2Cl2,"5-bromo-2-(3′,7′-dimethyloctyloxy)pyridine",C15H24BrNO,"3-(4′-(3′′,7′′-Dimethyloctoxy)-3′-pyridinyl)thiophene",thiophene-3-ylboronic acid,Aliquat 336,toluene,H2O,Pd(PPh3)4,"3-(4′-(3′′,7′′-dimethyloctoxy)-3′-pyridinyl)thiophene",C19H27NOS,"2-Bromo-3-(4′-(3′′,7′′-dimethyloctoxy)-3′-pyridinyl)thiophene","2-bromo-3-(4′-(3′′,7′′-dimethyloctoxy)-3′-pyridinyl)thiophene",C19H26BrNOS,"2-Bromo-3-(4′-(3′′,7′′-dimethyloctoxy)-3′-pyridinyl)-5-iodothiophene","2-bromo-3-(4′-(3′′,7′′-dimethyloctoxy)-3′-pyridinyl)-5-iodothiophene",C19H25BrINOS,"Poly(3-(4′-(3′′,7′′-dimethyloctoxy)phenyl)thiophene)",lithium chloride,isopropylmagnesium chloride,iPrMgCl,"[1,3-bis(diphenylphosphino)propane]nickel(II) dichloride",Ni(dppp)Cl2,HCl,methanol,−OCH2,"Poly(3-(4′-(3′′,7′′-dimethyloctoxy)-3′-pyridinyl)thiophene)",Mn,1H and 13C,polystyrene,Ag,AgCl,Pt,tetrabutylammonium perchlorate,acetonitrile,ferrocene,HOMO,silicon,Si,"3,7-dimethyloctoxy",3-aromaticthiopenes,magnesium halide,Grignard exchange,LiCl,nickel,oxymethylene,3-phenylthiopene,halo,= d3 − l,3-phenylthiophene backbones,thiophene backbones,chloroform,hexyl,dimethyloctoxyphenyl,dimethyloctoxypyridinyl
ma201665n,Polysilane,Telephone,Y.Nakano,chlorophylls,polysilanes,alkyl,Mg2+,K+,Si,aromatic hydrocarbons,polyfluorene,(R)-limonene,terpenes,green sulfur,"poly[2-methoxy-5-(2′- ethylhexoxy)-1,4-phenylenevinylene]",MEH,poly[n-decyl-(S)-2-methylbutylsilane],poly[n-dodecyl-(S)-2-methylbutylsilane],2-S,poly[n-dodecyl-(R)-2-methylbutylsilane],poly(n-hexyl isocyanate),poly(dialkylfluorene),tetrahydrofuran,THF,silicon,polysilane,methanol,poly(methyl-n-propylsilane),n-alkyl,10–3–10–5,oligosilane,Na-D line,chloroform,toluene,ethanol,acetonitrile,dialkylpolysilanes,1-S polysilane,zinc porphyrins bearing pyridyl,carboxylic acid,rare-earth,limonenes,carvone,poly[n-dodecyl-(R)-2-methyl- butylsilane] (2-R),organodichlorosilane,sodium,18-crown-6-ether,quartz,PTFE,FY2010–FY2014,FY2010,Fumiko Ichiyanagi
acs.macromol.5b00654,polyimide,Mn,polyimides,polyaspartimide,cyanate,poly(ether ether ketone),"4,4′-(hexafluoroisopropylidene)diphthalic anhydride (6FDA)","4,4′-diaminodiphenyl ether",hexafluoroisopropylidene,ether,polyurethanes,Polyimide,tris(4-aminophenyl)amine,TAP,Co,Dimethylacetamide,DMAc,dry nitrogen,PAA,irons,amine,anhydride,N-methyl-2-pyrrolidone,NMP,lithium bromide,poly(styrene),DMA,N2,Mc,N-methylpyrrolidone,dimethylformamide,DMF,tetrahydrofuran,THF,chloroform,Polyimides,DiMarzio,imides,aspartimide,phenyl,dianhydride,diamine,"4,4′-oxydiphthalic dianhydride",ODPA,"1,3-bis(3-aminophenoxy)benzene",BAB,bis phenol A dianhydride,BPADA,BAPP,dianhydrides,isopropylidene,diamines,BAPP > 6FDA,aromatic polyimide,S.Z,J.L,NSRIF
ma802786z,Lactone,Tertiary Amine,"1,3-Benzoxazine",Endo*,"1,3-Benzoxazines",phenolic,amines,formaldehyde,"1,3-benzoxazines","1,3-benzoxazine","3,4-dihydro-2H-1,3-benzoxazine","cyclic N,O-acetal",phenol,benzoxazine,acetic anhydride,polyester,tertiary amine,Benzoxazine,p-toluenesulfonic acid,PTS,silica gel,8-membered lactone,1H,methylene,lactone,ester,13C,oxygen,benzoxazine A,acetyl,enol,p-dioxanone,"1,5-dioxepan-2-one",polyesters,ether,nitrogen,"1,8-diazabicyclo[5.4.0]undec-7-ene",DBU,hexane,Mn,carbonyl carbon,acyclic ester,LiAlH4,diol,aromatic lactone,phenoxide,p-Toluenesulfonic acid,phosphate,chloroform-d,CDCl3,JEOL,tetramethylsilane,TMS,polystyrene,THF,CH2Cl2,NaHCO3,magnesium sulfate,n-hexane,2H,−CH2−,Ph,KBr,−C(═O)−O−,Elem Anal,C17H17NO2,H,argon,3H,[M + H]+,−OH,−Ph−OH,−CH2−OH
ma901518w,Poly(m-phenylene oxides),Oxacalixarenes,Jay Wm,Maine 04901,poly(m-phenylene oxides),mPOs,poly(mPOs),oxacalixarene,oxacalixarenes,poly(phenylene oxides),PPOs,"2,6-disubstituted phenols",copper,poly(aryl ethers),poly(aryl ether sulfones),poly(ether ether ketones),poly(ether imides),poly(meta-phenylene oxides),poly(mPO),nitrile,PEN,poly(arylene ether nitrile),"silylated 1,3-diphenol",fluoride,m-diphenol,m-dihalide,oxacalix[4]arenes,oxacalix[6]arenes,oxacalix[8]arenes,oxacalix[n]arenes,nitrogen,aryl ether,Poly(mPO),aryl m-dihalide,DMSO,K2CO3,Celite,acetone,methylene chloride,Poly(mPO) Synthesis,m-diphenol orcinol,"4,6-dichloropyrimidine","2,6-dichloropyrazine","isomeric 4,6-dichloropyrimidine",orcinol,Cs2CO3,CsF,oxacalix[4]arene,DMF,1H,poly(mPO) 8 predominates,silica,hydrocarbon,n-pentyl,CO2Me,OMe,diphenol,olivetol,pyrimidine,Ph,poly(mPOs) 13,pyrazine,chloropyrimidine,chloropyrazine,oxygen,chlorine,C−O,N3−C12−O2−C9,carbon,hydrogen,C−H,halogen,phenol,nitrogens,oxacalix[6]arene,"2-nitro-1,3-difluorobenzene","2,6-difluorobenzonitrile","2,3,5,6-tetrachloropyridine","poly(mPOs) 8, 10−14",PPO,"poly(2,6-dimethyl-1,4-phenylene ether)",carbomethoxy,methoxy,n-pentyl hydrocarbon,Poly(mPOs) 10,2-substituted poly(mPOs),NaOH,THF
