ma502523p,polybutadiene,polyethylene,N,poly(propylene oxide),deuterated polystyrene,polystyrene,alkanes,PDMS,Me
ma100470w,poly(vinylmethyl siloxane),PVMS,−S−(CH2)n−OH,vinyl,−S−(CH2)n−CH3,siloxane,methylene,−OH,mercaptoalkanol,−CH3,poly(dimethylsiloxane),PDMS,PVMS−S−(CH2)2−CH3,PVMS−S−(CH2)2−OH,−S−,polyethylene,thiolene,−S−(CH2)2−OH,−S−(CH2)6−OH,alkyl,S−(CH2)11−OH,−S−(CH2)11−OH
ma502273a,poly(acrylic acid),PAA,"poly(N,N-dimethylaminoethyl methacrylate)",PDMAEMA,poly(diallyldimethylammonium chloride),PDADMAC,PEM,PEC\P,PEC,Poly(acrylic acid),poly(allylamine hydrochloride),PAH,Mn,Milli-Q,KCl,primary amine,1 M KCl,acrylic acid,quaternary nitrogen,carboxyl,tertiary nitrogen,NaCl,hydrogen,carbonyl,quaternary amine
ma3016085,polycarbonate,poly(amic acid),PAA
ma3004899,Ozawa,poly(3-alkylthiophene)s,"3,6-dibromo-N-octadecylcarbazole","poly[(N-octadecylcarbazole-3,6-diyl)-(2,3,5,6-tetrafluoro-1,4-phenylene)]",tetrachloroethane,"2,8-dibromo-10,10-dioctyl-N-methylphenazasiline","poly[(10,10-dioctyl-N-methylphenazasiline-2,8-diyl)-(2,3,5,6-tetrafluoro-1,4-phenylene)]",PDOP-TP,"poly[(9,9-dioctylfluorene-2,7-diyl)-(2,2′,3,3′,5,5′,6,6′-octafluoro-4,4′-diphenylene)]",PDOF-OD,fluorine,"poly[(9,9-dihexylfluorene-2,7-diyl)-(1,4-phenylene)]",phenylene,"poly(9,9-dioctylfluorene-2,7-diyl)","Poly(ethylene-1,2-dioxy-thiophene)",poly(stylene surfonic acid),PEDOT,polystyrene,CHCl3,"3,6-POC-TP","1,2-dichlorobenzene",HCl,MeOH,hexane,polymer-2,xylene
ma802516a,nitrogen,carbonyl,ammonium,aromatic C−H,aromatic C−C,aromatic,carbon
acs.macromol.5b02481,poly(N-(n-propyl)glycine),poly(N-methylglycine),N-alkylglycine N-carboxyanhydrides,NCAs,poly(N-alkylglycine)s,poly(α-peptoid)s,Polypeptoids,polysarcosine,methanol,MeOH,LiChrosolv,poly(N-(n-propyl)glycine)x-block-poly(N-methylglycine)y,PxMy,1H,poly(N-(n-propyl)glycine)70,PhCN,argon,n-heptanes,NMP,PMMA,polyester,poly(methyl methacrylate),Poly(N-methylglycine),poly(N-isopropylacrylamide)s,poly(2-isopropyl-2-oxazoline)s,poly(2-alkyl-2-oxazoline)s,N-alkylglycine
ma801563s,"Poly(9,9-dialkylfluorene)s",fluorene,"poly(9,9-dialkylfluorene)s",polystyrene,THF,"poly(9,9-dihexylfluorene)",nitrogen
ma101240j,silica,polystyrene,PMMA,TMPC,C60,deuterated PMMA,hydrogen,polybutadiene
ma702526u,HFP-content poly(VF2-co-HFP),scCO2,poly(VF2-co-HFP),PVDF,poly(acrylic acid),acetone,dry ice,CO2,H2,argon,Acetone,Tetrahydrofuran,polystyrene,19F,HFP poly(VF2-co-HFP)
ma501078e,ITO,PEDOT,LiF,Al,Mn,polystyrene,THF,"Poly(3,4-ethylenedioxythiophene)-poly(styrenesulfonate)",acetone,hexane,chloroform,ethanol,o-dichlorobenzene,PBDTC-TT1,PBDTC-TT2,poly(3-hexylthiophene),P3HT,PBDTC-TT,PC70BM
ma9015483,Enantiomeric Substituted Poly(lactide)s,Poly[(S)-2-hydroxybutyrate],Poly[(R)-2-hydroxybutyrate],polyester,R-poly(α-methyl-α-ethyl-β-propiolactone)s,PMEPLs,poly[(S)-lactide],PSLA,poly[(R)-lactide],PRLA,poly(lactide),PLA,lactic acid,2-hydroxypronanoic acid,α-hydroxycarboxylic acid,α-carbon,polyesters,α-carbons,S- and R-polyesters,β-carbons,poly(β-proriolactone)s,chlorides,S-polyesters,poly(2-hydroxybutyrate),poly(2-hydroxybutyric acid),poly(2-hydroxybutanoic acid),2-hydroxybutanoic acid,methyl,ethyl,poly[(S)-2-hydroxybutyrate],poly[(R)-2-hydroxybutyrate],P(S-2HB),P(R-2HB),PLLA,Mn,PDLA,ethyl side,P(2HB),poly[(S)-3-hydroxybutyrate],poly[(R)-3-hydroxybutyrate] [isomers of P(S-2HB) and P(R-2HB)],poly[(S)-3-hydroxyvalerate],poly[(R)-3-hydroxyvalerate],β-hydroxycarboxylic acids
ma5014397,thiophene,"poly(3-hexylthiophene-2,5-diyl)","poly[(4,4′-dinonyl-2,2′-bithiazole-5,5′-diyl)-(benzothiadiazole-4,7-diyl)]",CHCl3,polystyrene,o-dichlorobenzene,"Poly[(4,4′-dinonyl-2,2′-bithiazole-5,5′-diyl)-(2,1,3-benzothiadiazole-4,7-diyl)]","Poly[(4,4′-di(2-octyldodecyl)-2,2′-bithiazole-5,5′-diyl)-(2,1,3-benzothiadiazole-4,7-diyl)]",P1′,"Poly[(4,4′-dinonyl-2,2′-bithiazole-5,5′-diyl)-(2,1,3-benzoxadiazole-4,7-diyl)]","Poly[(4,4′-dinonyl-2,2′-bithiazole-5,5′-diyl)-(2,1,3-benzoselenadiazole-4,7-diyl)]","Poly[(4,4′-dinonyl-2,2′-bithiazole-5,5′-diyl)-(2-(2-ethylhexyl)-2H-benzotriazole-4,7-diyl)]","Poly[(4,4′-dinonyl-2,2′-bithiazole-5,5′-diyl)-(2,3-dimethylquinoxaline-5,8-diyl)]"
ma801293j,polytetrafluoroethylene,PTFE,BADGE,TEPA,epoxy,Tetrad-X,methanol,acetone,LiTFSI,epoxy resin
ma5002047,Polystyrene
ma800380r,vinyl,ethylene,HDCPD,polyethylene,(Ph3C)+[B(C6F5)4]−,cyclopentene,bis(phenoxyimine)titanium,norbornene,dicyclopentadiene,cycloolefin,cyclopentane,ethylene/dicyclopentadiene,"5,6-dihydrodicyclopentadiene"
ma702429r,Poly(ethylene oxide),poly(ethylene oxide),PEO,poly(ethylene oxide)−dimethyl ether,poly(methyl methacrylate),PMMA,poly(lactide),PLA,poly(vinyl acetate),PVAc,poly(styrene),poly(vinyl methyl ether),PVME,poly(phenylene oxide),PPO,"1,4-polyisoprene",poly(vinylethylene),PVE,polycarbonate,poly(ε-caprolactone),PCL,poly(vinylidene fluoride),PVDF,poly(o-chlorostyrene),PEO−DME,hydroxyl,methoxy,hydrogen,tetramethylene glycol methyl ether,TGME,poly(ethylene glycol),Mn,PEO ether oxygen,carbonyl carbon,poly(lactic acid),Methylene chloride,chloroform,"Tg,PMMA",methylene dichloride,PEO-1000
ma902840d,Aromatic aldehydes,styrene,isoprene,vinyl ethers,VEs,poly(pMeOBzA-co-IBVE),poly(BzA-co-CEVE),poly(BzA-co-IBVE),poly(IBVE),poly(alkyl vinyl ethers),Tetrahydrofuran,(THF)−HCl,THF,1H,cinnamaldehyde,CinA,p-methoxyCinA,Mn 30600,Mn,BzA
ma062887a,poly(trimethylammonium ethylacrylate)-b-poly(acrylamide),PTEA-b-PAM,citrate,CeO2,γ-Fe2O3,Eu,YVO4
acs.macromol.6b00247,carbon,C–C,polyethylene,polystyrene,polypropylene,"poly(N,N-dimethylacrylamide)",PDMA,"poly(N,N-diethylacrylamide)",PDEA,polyacrylamide,PAAm,PG2,poly(glycidyl methacrylate),PGMA,PGMA-g-PS44,PGMA-g-PS105,"poly[2,5-bis(4-carboxylic phenyl)styrene]",PBCPS,poly(vinyl stearate),PVS
acs.macromol.6b00141,long-chain difunctional acrylate,poly(propylene oxide),urethane,DMA,thiol,epoxy–acrylate,SH4 thiol,polyurethane,acrylates
ma3008702,Polypropylene,polypropylene,propylene,ethylene,polyolefin,ethylene–propylene,propylene-copolymerized polyethylenes,polystyrene,acetone,polyethylene
ma100726z,poly(styrene-copolymer-hydroxyethyl methacrylate-2-bromoisobutyryl bromide),p(St-co-HeBiB),n-isopropylacrylamide,NIPAM,nitrogen,pNIPAM,poly(n-isopropylacrylamide),Armes,pHEMA,methyl methacrylate,MMA,sugar,styrene,bromoester,2-Hydroxyethyl methacrylate,HEMA,alumina,N-Isopropylacrylamide,hexane,silicon,poly(styrene),poly(methyl methacrylate),HeBiB,2-hydroxylethyl methacrylate-2-bromoisobutyryl bromide,AIBN,THF,H2O,MeOH,−CH,polystyrene-poly(methyl methacrylate),pHeBiB,polystyrene−poly(methyl methacrylate),PMMA,polystyrene,poly(ethylene oxide),poly(vinyl acetate),oxygen,bromine,PNIPAM,hydrogen,amide,isopropyl
ma071759z,Polystyrene,syndiotactic polystyrene,sPS,acetone,methanol,CO2,Mn
ma801802d,poly(C6M)
acs.macromol.5b02319,polystyrene,polyisoprene,N
ma902247y,Poly(l-lactide),PLLA,polyethylene,polypropylene,polyamide 6,poly(ethylene terephthalate),PET,poly(butylene terephtalate),PBT,poly(phenylene sulphide),PPS,polycarbonate,poly(hydroxybutyrate),PHB,poly(l-lactide),density polyethylene,RAP,polylactide,poly(ethylene naphthalate),PEN,oxygen,poly(ethylene terephtalate),poly(tetrafluoroethylene),PTFE,perfluoro,propyl vinyl ether,PFA,Mn,Biomer,PLA,PDLLA,poly(styrene),poly(3-hydroxybutyrate-co-3-hydroxyvalerate)
ma900838v,Poly(2-isopropyl-2-oxazoline)s,telechelic HM-poly(ethylene oxides),HM-poly(N-isopropylacrylamides),poly(ethylene oxide),PEO,long alkyl,alkyl,perfluoroalkyl,telechelic poly(2-alkyl-2-oxazolines),2-alkyl-2-oxazolines,HM-poly(N-isopropylacrylamide),PNIPAM,N-isopropylacrylamide,NIPAM,PiPrOx,tertiary amide,poly(2-alkyl-2-oxazolines),amide dipole,C18-PiPrOx-C18,C18-PiPrOx-OH,−107 J mol−1 C−1,poly(vinylcaprolactam),pluronic,poly(N-n-propylacrylamide),Mn,Me-PiPrOx-OH,polyoxazolines,C18-PiPrOx-OH 13K,C18-PiPrOx-OH 7K,polyester,C18-PiPrOx-C18 13K,TLo transition of C18-PiPrOx-C18 7K,C18-PiPrOx-C18 7K,n-octadecyl,tertiary amide nitrogens
ma302434c,maleic anhydride,N-isopropylacrylamide,NIPAM,acrylic acid,chitosan-graft-poly(N-isopropylacrylamide),poly(N-(2-hydroxyethyl)prop-2-enamide),PHEPE,N-(2-Hydroxyethyl)prop-2-enamide,HEPE,acetone,aluminum oxide,PEO,NaNO3,HCl,ammonia,chromone-3-carboxaldehyde,vinyl,thiocarbonylthio,styrene,polypropylene,cumyl phenyldithioacetate
ma1027164,Poly(3-hexylthiophene),P3HT,"poly[2,7-(9,9-dioctylfluoren)-alt-5,5-(5′,8′-di-2-thinenyl-(2′,3′-bis(3′′-octyloxyphenyl)quinoxaline))]",APFO-15,quinoxaline-based D−A,"poly[2,7-(9,9-dioctylfluoren)-alt-5,5-(5′,8′-di-2-thinenyl-(2′,3′-bis(5′′-octylthiophen-2′′-yl)quinoxaline))]",PFTTQx,"poly[2,7-(9,9-dioctylfluoren)-alt-5,5-(8′,11′-di-2-thinenyl-(2′,5′-dioctyldithieno[2′,3′-a:3′′,2′′-c]phenazine))]",PFTTPz,"poly[N-9′-heptadecanyl-2,7-cabazole-alt-5,5-(5′,8′-di-2-thinenyl-(2′,3′-bis(5′′-octylthiophen-2′′-yl)quinoxaline))]",PCzTTQx,"poly[N-9′-heptadecanyl-2,7-cabazole-alt-5,5-(8′,11′-di-2-thinenyl-(2′,5′-dioctyldithieno[2′,3′-a:3′′,2′′-c]phenazine))]",PCzTTPz,acetone,"1,2-dichlorobenzene",PTFE,methanol,"1,2,4-trichlorobenzene",polystyrene,Mn,platinum,Pt,Ag,AgCl,KCl,acetonitrile,nitrogen,tetrabutylammonium hexafluorophosphate,Bu4NPF6,indium tin oxide,ITO,"poly3,4-ethylenedioxythiophene polystyrenesulfonate",PEDOT,PC71BM,Ba,Al,isopropyl alcohol,oxygen,ODCB,Au,MoO3
ma3020273,Poly(N-isopropylacrylamide),poly(N-isopropylacrylamide),pNIPAm,1-ethyl-3-methylimidazolium bis(trifluoromethanesulfonyl)amide,d8-[C2mIm+][TFSA–],pNIPAm/d8-[C2mIm+][TFSA–],C2mIm+][TFSA–,poly(benzyl methacrylate),pBnMA,1-Dodecanethiol,acetone,carbon disulfide,diethyl ether,dodecyl trithiocarbonate,polystyrene,deuterated IL,dpNIPAm,poly(N-isopropylacrysamide),d8-1-ethyl-3-methylimidazolium bis(trifluoromethanesulfonyl)amide
ma202508h,Polylactide,Tetraaniline,polyester,Acrylic acid,maleic anhydride,polylactide,PLA,aniline,acrylic acid,polyesters,polycaprolactone,PCL,Poly(acrylic acid),PAA,polyaniline,polypyrrole,poly(lactic-co-glycolic acid),pyrrole,carboxyl,Co,CHCl3,ethanol,benzophenone,nitrogen,PLA-Ma,DMSO,PLA-AA-AT,−COOH,amino,−NH2,Aniline,PLA-Ma-AT,ester,Maleic anhydride,succinic anhydride,anhydride,C═O,PLA-AA2h-AT,PLA-AA5h-AT,amine,−NH,amide,benzenoid,phenyl,PLA-AA2h,PLA-AA3.5h,PLA-AA5h,PLA-AA,HCl,Benzophenone,"poly(1,5-dioxepan-2-one)",poly(trimethylene carbonate)
ma300549m,polyacetylenes,poly(1-trimethylsilyl-1-propyne),PTMSP,polystyrene,THF,PTFE,OH,1H,aromatic hydroxyl,o-OH,polyimides,DMF,DMSO,NMP,acetone,ethyl acetate
ma061078o,poly(trimethylene carbonate),Mn,lactide,TMC,trimethylene carbonate,hexanediol,glycerol,tin octanoate,SnOct2,hydroxy,1H,4a-c,chloroform,Teflon,polyethylene
ma102813y,Poly(phenylene ether)s,Pendant Perfluoroalkyl Sulfonic Acids,poly(arylene ether)s,pendant perfluoroalkyl sulfonic acids,sulfonated aromatic,Mn,polystyrene,"N,N-dimethylformamide",DMF,LiBr,fluorine,"2,5-bis(p-iodophenyl)hydroquinone"
ma402361z,silicone polyurethanes,poly(butylene terephthalate),polystyrene,coumarin,triazole,siloxane,C-PDMS-3,C-PDMS-7,C-PDMS-11,C-PDMS-14,PDMS,Tetrabutylammonium azide,"N,N′-diisopropylcarbodiimide",DIC,4-(dimethylamino)pyridine,DMAP,dimethylformamide,DMF,propiolic acid,Pt,tetraethyl orthosilicate,TEOS,trispentafluorophenylborane,sodium azide,umbelliferone,7-hydroxycoumarin,Bis(trimethylsiloxy)methylsilane,chloropropylmethylsiloxane-dimethylsiloxane,chloropropylmethylsiloxane:dimethylsiloxane,1H,hydride,vinylmethylsiloxane–dimethylsiloxane,vinylmethylsiloxane:dimethylsiloxane 1:13,iodopropyltrimethoxysilane,B(C6F5)3,toluene,hexanes,dimethylsiloxane,vinylmethylsiloxane-dimethylsiloxane,vinylmethylsiloxane
ma902303e,"poly(1,4-phenylene ether−ether−sulfone)",chloroform,zeolitic imidazolate,CO2,"Poly(1,4-phenylene ether−ether−sulfone)",PPEES,ZIF-8,"Pristine poly(1,4-phenylene ether−ether−sulfone)",Teflon
ma802637w,Sulfonated Poly(ether sulfone)s,sulfonated poly(ether sulfone)s,"4,4′-dichlorodiphenylsulfone","1,2,4,5-tetrakis([1,1′-biphenyl]-2-oxy)-3,6-bis(4-hydroxyphenoxy)benzene","2,2-bis(4-hydroxyphenyl)hexafluoropropane",chlorosulfonic acid,aromatic hydrocarbon,PEM,sulfonated aromatic,poly(phenylene)s,poly(ether ether ketone)s,poly(ether ether sulfone)s,poly(arylene ether)s,polyimides,copoly(ether ketone)s,poly(ether sulfone)s,sulfonic acid,KBr,"(−O−), 3417",−OH,Poly(ether ether sulfone),PU-2080Plus,polystyrene,Mn,C−O−C,OH,1H,aromatic,Poly(ether sulfone),BPSH-40,sulfonated poly(ether ether sulfone)
ma5013557,poly(phthalaldehyde),PPA,boron trifluoride etherate,styrene,olefins,EtG,OPA
ma200824k,poly(ε-caprolactone),PCL,poly(l-lactide),PLA,poly(trimethylene carbonate),PTMC,ε-caprolactone,ε-CL,l-lactide,trimethylene carbonate,TMC,cyclic carbonate,vinyl sulfone carbonate,VSC,toluene,isopropanol,stannous octoate,thiol,2-mercaptoethanol,cystamine,cysteine,thiolated poly(ethylene glycol),PEG-SH,DMF,hydroxyl,carboxyl,amine,PEG,poly(acryloyl carbonate),Thiolated glycol,Mn,l-Lactide,l-LA,Purac,Co,divinyl sulfone,MeOH,mercapto-diol,1H,CDCl3,−CH═CH2,(CH3)2CH−,−CH2O–,C(CH2)2O2,SO2CH2,−SCH2C,−COCH2–,−CH2CH2CH2–,(CH3)2C−,−CH3,P(LA-co-VSC),P(TMC-co-VSC),–CH═CH2,–CH2S–,−CHCH3,–CH3,THF,polystyrene,FITC,phosphate,silicon,nitrogen
ma400454u,poly(RMI)s,methylene,imide,Poly(RMI)s,N-methylmaleimide,MMI,poly(methyl methacrylate) and polycarbonates,Poly(MMI-alt-BC4),Poly(MMI-alt-BC5),Poly(MMI-alt-BC6),poly(MMI-alt-IB),poly(BC5),poly(RMI-alt-BCm)s,poly(MMI-alt-BC5),poly(MMI-alt-BC6),poly(MMI-alt-CA5),poly(MMI-alt-CA6),chloroform,THF,toluene,acetone,poly(BMI-alt-BC5),poly(EHMI-alt-BC5),poly(EMI-alt-BC5),poly(MMI-alt-BCm)s,N-alkyl
ma500333r,OHBPz,PIDT–OFBPz,polystyrene,THF,"poly[(9,9-bis(3′-(N,N-dimethylamino)propyl)-2,7-fluorene)-alt-2,7-(9,9-dioctylfluorene)]",PFN,methanol,acetone
ma051685w,poly(2-ethylhexyl methacrylate) latex,carboxylic acid,carbodiimide,−COOH,N-acylurea,−NCN−,poly(methyl methacrylate),phenanthrene,alkyl,MAA,-NCN−,PEHMA−MAA,PEHMA−NCN
ma201538p,polystyrene,silica,PMMA,Mn,poly(methyl methacrylate),Si,chloroform,cyclohexane
acs.macromol.5b02304,vinyl ether,polyacetal,hydroxyl-terminated polyacetal,THF,PTFE,hydroxyl,diol,polystyrene,poly(N-isopropylacrylamide)
ma052087k,poly(methyl methacrylate-co-anthrylmethyl methacrylate),PMMA−AMA,"2,2‘-azobis(isobutyronitrile)",AIBN
acs.macromol.5b00895,poly(N-isopropylacrylamide),PNIPAM,glassy poly(vinyltrimethylsilane),poly(methyl methacrylate),poly(vinyl chloride)–vinyl chloride,Teflon,n-decane,PMMA,n-hexane,high density polyethylene,polystyrene,poly(viny1 acetate),PVAc,poly(vinyl alcohol)
ma0611826,Poly(vinyl alcohol),poly(vinyl alcohol),PVOH,poly(ethylene oxide),PEO,Mn,DMA
ma0713916,polycarbonate,poly(ether ketone),poly(ether sulfone),poly(ether−sulfide),aryl polyamide,poly(ether−imide),polyester,poly(amide−imide),acid-ester,N-acylurea,amide,isocyanate,ether,urethane,carbodiimide,poly(amide−urethane),poly(amide−imide−urethane),polyether,PAU,PAIU
ma2019123,PEO,PMMA,poly(ethylene oxide),poly(methyl methacrylate),deuterium,polystyrene,1H,13C,129Xe,d-PMMA,h-PMMA,ΦiViPi(QRgi),h-PEO,V̅i,Vh–iVd–i/(cVh–i + (1–c)Vd–i),deuterated PEO,hydrogen,"Δcp,PMMA",Deuterated poly(methyl methacrylate),tetrahydrofuran,THF,dimethylacetamide,toluene,H,h-PEO/d-PMMA,h-PMMA(1-x-y),deuterated PMMA
acs.macromol.5b00955,polydimethylsiloxane,PDMS,polystyrene,PS-b-PMMA,PS-b-P2VP,poly(methyl methacrylate),PMMA,poly(2-vinylpyridine),PVP,poly(ethylene oxide),PEO,polyisoprene,O2
ma401617z
ma900008m,organoboron quinoline-8-thiolate,-selenolate,organoboron,poly(p-phenylene-ethynylene),Mn,TOSOH,polystyrene,Polystyrene,THF,poly(p-phenylene−ethynylene)s
ma0620971,polyester,carbonyl,ester
acs.macromol.5b01866,cis-Polyisoprene,Poly(p-tert-butylstyrene),polystyrene,poly(vinyl methyl ether),PVME,poly(methyl methacrylate),PMMA,poly(ethylene oxide),PEO,cis-polyisoprene,polyvinylethylene,PVE,poly(p-tert-butylstyrene),PtBS,polyisoprene,methanol,acetone,butylhydroxytoluene
ma3000779,Polystyrene,Poly(ε-caprolactone),poly(styrene)-block-poly(methyl methacrylate),PS-b-PMMA,polystyrene-block-poly(ethylene oxide),PS-b-PEO,polystyrene,silica,PMMA,poly(styrene-ran-acrylonitrile),SAN,poly(methyl methacrylate),poly(vinyl methyl ether),PVME,poly(ε-caprolactone),PCL,PEO,trimethylchlorosilane
ma202128e,polyimides,polystyrene,polyimide,hydrogen,secondary amine,carbonyl,polyaniline,PANI,acetone,nitrogen,Polyaniline,NMP
ma401171d,phosphonic-acid,ester,poly(pentafluorophenyl acrylate),P(PFPA),poly(oligoethylene glycol acrylate),P(OEGA),poly(ethylene glycol),polyplexes,poly(ethylene imine) or poly(dimethylamino ethyl acrylate),P(DMAEA),PEG
ma8016713,Poly(ferrocenylsilane-b-polyphosphazene),PFS-b-PP,poly(ferrocenylsilane),PFS,silicon-bridged[1]ferrocenophanes,polyphosphazene,Polyphosphazene,phosphoranimine Cl3P═NSiMe3,phosphorane,31P,CH2Cl2,PPh2,CD2Cl2,1H,polystyrene,Mn,THF,"1,2-dichloroethane",hexane,cyclopentadienyl,SiMe2
ma400916k,Polycaprolactone,polytrimethylene carbonate,toluene,ε-caprolactone,trimethylene carbonate,methanesulfonic acid,lactide,TMC,"1,8-diazabicyclo undec-5-ene",DBU,ε-CL,PCL-b-PTMC-b-PCL,polystyrene,NaI,MeOH,Triblock PCL-b-TMC-b-PCL,telechelic HO–PTMC–OH,ROP,1H,CH2,PCL,CH2OH,13C,C═O,hydroxyl,Mn
ma500486u,amine,Lavigne’s polythiophene carboxylic acids
ma901602y,polyurethane,polyester,polycaprolactone,PCL,NCO,OH,caprolactone,primary hydroxyl,diol,CAPA 2201,"1,4-butanediol",monoisocyanate,polyurethane PCL
ma0608828,"1,4-polybutadiene",PBD,poly(ethylene oxide),poly(methyl methacrylate),poly(vinyl methyl ether),polystyrene,PVME,polyisoprene,poly(vinylethylene),PVE,CR-PBD,LB-PBD,HCCH
ma071878e,Poly(N-isopropylacryamide),poly(N-isopropylacrylamide),PNIPAM,silica,sodium sulfate,quartz,silicon,NIPAM,Poly(N-isopropylacrylamide),poly(vinyl acetate),sulfate,polystyrene,sodium chloride,N-Isopropylacrylamide,NIPAAm,hexane,sulfuric acid,hydrogen peroxide,toluene,chloroform,nitrogen gas,Teflon,methanol,DMF,LiBr,Na2SO4,hydrogen,amide,hydrocarbons,amide dehydration.32
acs.macromol.6b00345,–1 s–1,poly(methyl acrylate),DMSO,Me6TREN,MeCN,Cu(0),Cu(I),copper(0)
ma400866u,Poly(ferrocenylmethylsilane),Polymetallocene,[1]methylsilaferrocenophane Fe(μ-C5H4)2SiMeH,poly(ferrocenylmethylsilane),PFMS,R = Me,H,Me,silicon,PFS,transition metal,Et,poly(ferrocenyldimethylsilane),PFDMS,hydrogen,polypropylene,polyvinyl chloride,Silicon,ferrocenophanes,THF,MeOH,Mn,poly(ferrocenylmethylphenylsilane),[1]methylphenylsilaferrocenophane,poly(ferrocenyldihydrosilane),PTFE,methanol,acetone
ma400304u,poly(VDF-co-H2C═CRACF3),poly(VDF-co-F2C═CFRB),19F,1H,PVDF,PVDF-g-poly(M),poly(ethylene oxide),epoxide,azido,cyanato,isocyanato,Mn,polystyrene,poly(methyl methacrylate),tetrahydrofuran,PTFE,acetone,nitrogen,fluorinated VDF,Vinylidene Fluoride,VDF,CF3,COOH,H,Poly(VDF-co-MAF–TBE),Poly(VDF-co-MAF),acetone-d6,CF2,CH2–CH2–CF2,CH2,−CH2C(CF3)COOH,poly(VDF-co-TFP),"poly(VDF-co-2,3,3,3-tetrafluoropropene-1-ene)",poly(VDF-co-PMVE),poly(VDF-co-HFP),CF2CH2–CH2CF2,poly(VDF-co-TrFE),CF2CH2CH2CF2,fluoropolymers,perfluoroalkene,[VDF]o+[MAF–TBE]o,poly(VDF-co-MAF–TBE),poly(VDF-co-MAF),carboxylic acid,hydrogen,carbonyl,hydroxyl,poly(VDF-alt-TFP),poly(VDF-co-1234yf),poly(VDF-co-M),CF3–poly(VDF-co-M)–CF3
ma301423u,Poly(acrylonitrile),poly(acrylonitrile),PAN,–dimethyl sulfoxide,DMSO,poly(ethylene oxide),itaconate,poly(acrylonitrile/butyl acrylate),DMF,polyethylene,nitrile,carbonyl,PEO,sulfanyl,oxygen,nitrogen,sulfur
ma901609r,PMMA,Ni(acac)2,Poly(methyl methacrylate),carbon,nickel(II) acetylacetonate,methylaluminoxane,ethylene,propylene,metallocene,MAO,polyolefin,Nickel(II) acetylacetonate,methyl acrylate,MMA,PTFE,1H,CDCl3,methylene chloride,carbonyl,−OH,⟩C═O,C60,tetrahydrofuran,THF,C−H,C═O
ma202694p,"poly[2,2′-(m-phenylene)-5,5′-bibenzimidazole]",PBI,"3-phenyl-3,4-dihydro-6-tert-butyl-2H-1,3-benzoxazine",pBUa,"N,N-dimethylacetamide",polybenzimidazole,phosphoric acid,polybenzoxazine,"3,3′-Diaminobenzidine",poly(phosphoric acid),PPA,H3PO4,phosphorus pentoxide,poly(vinylidene fluoride),PVDF,Mn,"Poly[2,2′-(m-phenylene)-5,5′-(bibenzimidazole)]","3,3′-diaminobenzidine",DABI,isophthalic acid,IPA,P(pBUa-co-BI)-65,P(pBUa-co-PBI)s,poly(ethylene terephthalate),PET,Co,N-methyl-2-pyrrolidone,NMP,PtCo,PtRu,carbon,DMAc,P(pBUa),P(pBUa-co-BI)s,"P(pBUa-co-BI)-65,-50,-35",1H,PEMs
ma900453c
ma101288w,polystyrene,platinum,Teflon
ma202485h,glassy carbon,Pt,Ag,Ag+,Ir,Si
ma402475a,polybutadiene,Polybutadiene,PBd,butadiene,benzene,methanol,trichlorosilane,benzene-methanol,"4-methyl-2,6-di-tert-butylphenol"
ma400597j,Poly(3-hexylthiophene),poly(3-hexylthiophene),P3HT,polystyrene,χtetrahydrofuran–P3HT,χCHCl3–P3HT,o-xylene,poly(alkylthiophene)s (PAT)s,"(6,6)-phenyl-C61-butyric acid methyl ester",PCBM,χTHF–P3HT,THF,tetrahydrofuran,chloroform,CHCl3,Polystyrene,Mn,silicon,quartz,HeNe,25-LHP-928-249,χCHCl3,δCHCl3,δP3HT,poly(methyl methacrylate),polybutadiene,ρP3HT,χo-P3HT
ma2021369,Siloxane,Poly(p-xylylene),disiloxane,[2.2]paracyclophane,siloxane,poly(p-xylylene),Poly(p-xylylene)s,PPXs,poly(alkinyl-p-xylylene-co-p-xylylene),phenylene,polystyrene,PPX,chloroform,borosilicate,Si,CH3,O,monochloro-substituted PPX,[2.2]paracyclophanes
ma500866f,methyl methacrylate,MMA,n-butyl acrylate,carbonyl,PMMA,acrylic,hydrogen,carboxyl oxygens,sodium dodecyl sulfate,poly(ethylene glycol),urea,Mn,-methyl,PBA,COOCH2CH2CH2CH3,COOCH3,oxygens,carbonyls,ester oxygens,carbon,oxygen,Carbonyl
ma0600308,Toluene,LiCl,polystyrene,toluene
ma5009429,Ni(II),aryl bromide,polycarbodiimides,poly(4-bromostyrene),[bis(triphenylphosphino)aryl]nickel(II) bromide,polythiophenes,aryl(bromo) nickel(II),alkyne,alcohol,silica,nickel(II),poly(3-hexylthiophene),P3HT,PBrS,CHCl3,PTFE,silicon,chloroform,polystyrene,MeOH,Poly(4-bromostyrene),4-bromostyrene,2-cyano-2-propyldodecyltrithiocarbonate,AIBN,N2,triphenylphosphine,toluene,DBU,poly(15N-hexyl-N-phenylcarbodiimide),Poly-1,1H,15N,Polycarbodiimides,fluorinated N-4-fluorophenyl-N′-doceylcarbodiimide,poly(N-4-fluorophenyl-N′-doceylcarbodiimide),Poly-3
ma400813e,anthracene,fluorene,diphenylamine,phenothiazine,poly(BPVS),palladium,Thioether,styrene,thioether,polystyrene,poly(meth)acrylate,sulfur,dithiocarbamate,dithiocarbamyl,(meth)acrylate,(meth)acrylamide,vinyl,methyl acrylate,carbon,Poly(PVS),poly(PVS),poly(NVC),poly(NVC)-b-poly(BPVS),acetone,THF,"1,4-dioxane",ethyl acetate,chloroform,DMF,DMSO,n-hexane,methanol,S-vinyl sulfide,poly(PVS)-b-poly(NVC),Poly(BPVS),poly(BPVS-Flu),poly(BPVS-PTZ),bromophenyl,poly(BPVS-DPA),diethyl ether,Polystyrene,Dithiobenzoate,N-isopropylacrylamide,Dithiocarbamate,nitrogen,N-vinylphthalimide,N-vinylnaphthalimide,xanthate,Mn,1H,poly(PVS)s,[AIBN]0,LiBr,poly(N-vinyl carbazole),O-vinyl,N-vinyl,(meth)acrylates,poly(PVS)-b-poly(NVC)s,poly(BPVS) macro-CTA,poly(NVC) and poly(S-vinyl sulfide),poly(S-vinyl sulfide),poly(BPVS-An),"9,9-dimethylfluoren-2-boronic acid",N–H,tris(dibenzylideneacetone)dipalladium(0),sodium tert-butoxide,NaO-t-Bu,tritert-butylphosphine,P(t-Bu)3,poly(BPVS-Br),dioxane,methylene,methine,phenyl,poly(BPVS-An-b-NVC),anthryl,Poly(BPVS-An),poly(BPVS-b-NVC),carbazole–carbazole,9-phenylanthracene,S-vinyl,Palladium
ma902042x,polystyrene,silica,azo,nitroxide,carbon,poly(2-vinylpyridine),PVP,toluene,carboxyl-terminated PS,silicon,3-glycidoxypropyltrimethoxysilane,poly(methyl methacrylate),PMMA,"poly(styrene-co-2,3,4,5,6-pentafluorostyrene)",PSF,oxygen,acetone,poly(tert-butyl acrylate),PtBA,tert-butyl acrylate,styrene,poly(acrylic acid),PAA,tert-butyl,chloroform,methanol,DMF-d7,CDCl3,CD3OD,DMF,uranyl acetate,n-octane,H2O,PEO,poly(tert-butyl methacrylate),PtBMA,PtBMA-b-poly(glycidyl methacrylate)-b-PS,epoxy,carboxyl,poly(methacrylic acid),PMAA,poly(N-isopropylacrylamide),PNIPAm,carboxylic acid,4-mercaptophenol,polybutadiene,poly(ethylene oxide),hexane,THF,Au,glassy PS,benzene,cadmium acetate,poly(cadmium acrylate),H2S,CdS,PS,poly(ethoxydi(ethylene glycol) acrylate),PDEGA,poly(DEGEA-co-oligo(ethylene glycol) acrylate),P(DEGA-co-OEGA),trithiocarbonate,HAuCl4,thiol,Mn,PS-b-PVP,thiols
ma401274r,methanol,hexane,acetone,dichloromethane,chloroform,Polystyrene,o-dichlorobenzene,Pt,Ag,acetonitrile,tetrabutylammonium hexafluorophosphate,Bu4NPF6,PEDOT,PC71BM,LiF,Al,ITO,isopropyl alcohol,ozone,chlorobenzene,Au,silicon
ma102289w,Poly(tetramethyl glycolide),Carbon,Polyester,poly(l-lactic acid),PLLA,-lactide,poly(tetramethyl glycolide),PTMG,methacrylic acid,acetone,methacrylic ester,methyl methacrylate,MMA,poly(methyl methacrylate),PMMA,Mn 70 000,polyester,lactic,pyruvic acids
ma5016209,Poly(anilinephosphonic acid),polyaniline,emeraldine,polysemiquinone,polyanilines,polyaniline sulfonic acid,poly(2-methoxyaniline-5-sulfonic acid),PMAS,phosphonic acid,phosphonic acid monoethyl ester,poly(2-methoxyaniline-5-phosphonic acid),PMAP,poly(2-methoxyaniline-5-phosphonic acid monoethyl ester),PMAPE,phosphonic acid monoester,methylene,indium tin oxide,ITO,acetone,ethanol,sodium,benzenoid,quinoid
ma3025283,PEG,PCL,disulfide,AmBn,styrene,tert-butyl acrylate,methyl methacrylate,N-isopropylacrylamide,AmBnCo,(PEG)m(PCL)n,1H,vinylbenzyl,N-(2-hydroxyethyl) maleimide,HEMI,A2mB2n,poly(ethylene glycol),poly(ε-caprolactone),vinyl,2-((2-(acryloyloxy)ethyl)disulfanyl)ethyl 4-cyano-4-(phenylcarbonothioylthio)pentanoate,ACP,hydroxyl,Styrene,4-vinylbenzyl chloride,VBC,MMA,tBA,alumina,N-Isopropylacrylamide,NIPAM,hexane,toluene,Monomethoxy poly(ethylene glycol),MPEG,Vinylbenzyl,2-(2-cyanopropyl) dithiobenzoate,CPDB,4-cyanopentanoic acid dithiobenzoate,4-CPDB,2-((2-hydroxyethyl)disulfanyl)ethyl 4-cyano-4-(phenylcarbonothioylthio)pentanoate,anisole,CDCl3,NCH2CH2O,CH2O,CH2N,CH2OH,CH2CO,CH2CH2CH2CH2O of PCL,PhH,PhC(═S)S,CH of MI-PCL,CH2CH2O,CH2N of MI-PCL,CH3O,CH,CH2,CH3,ArH,PMMA,PNIPAM,THF,CH2CH2CH2CH2O,dithiobenzoate,"Mn,NMR(St-PEG)",DPPCL,polystyrene,PSt,poly(tert-butyl acrylate),PtBA,poly(methyl methacrylate),poly(N-isopropylacrylamide),CHS,poly(styrene-alt-maleimide) backbones,(PEG)m(PCL)n(PtBA)o,C = PtBA
ma102524a,P3HT,PCBM,Poly(3-hexylthiophene),"[6,6]-phenyl-C61-butyric acid methyl ester",Mn,poly(vinyl chloride),transition of PCBM,transition D,dithranol,chloroform,chlorobenzene,acetone,isopropyl alcohol,N2
ma8015568,"Poly(2,2′-dioxy-1,1′-biphenyl)phosphazene",HBF4,acetone,"poly(2,2′-dioxy-1,1′-biphenyl)phosphazene",HCl,H2SO4,[NPCl2]n,THF,"2,2′-dihydroxy-1,1′-biphenyl",C6H4−C6H4−OH,K2CO3,polyphosphazene,phosphazene,polyphosphazenes,[NP(O2C12H8)]n,polystyrene,toluene,sodium,benzophenone,1H,white precipitate,poly(diphenoxyphosphazene),Cl,sulfuric acid,poly(biphenoxyphosphazene),H,spiro polyphosphazenes,binaphthoxy,poly(binaphthoxyphospaze),N
ma9011208,Poly(cyclohexyl acrylate),PCHA,polystyrene,poly(methyl acrylate),PMA,poly(propylene glycol),PPG,poly(ethylene glycol),PEG,nitroxide,poly((4-pentiloxy-3′-methyl-4′-(6-acryloxyexyloxy))azobenzene),cholestane,Styrene,methyl acrylate,Poly(ethylene oxide),Ltd. tert-Butyl acrylate,2-bromopropionic acid tert-butyl ester,1-phenylethyl bromide,Polystyrene,poly(cyclohexyl acrylate),4-amino-TEMPO,Poly(ethylene glycol),3-carboxy-PROXYL,THF,poly(ethylene oxide),PEO,nitroxides
ma062514%2B,polyester,aliphatic polyesters,hydroxyl,poly(butylene succinate-co-butylene malate)2 and poly(butylene tartrate),poly(sorbityl adipate),sorbitol,adipic acid,diols,dicarboxylic acids,secondary hydroxyl,CHCl3,polystyrene,poly(nonamethylene dl-malate),Mn,"1,7-heptanediol",Sc(OTf)3,1H nor 13C,poly(nonamethylene l-tartrate),l-TA,poly(nonamethylene tartrate-co-nonamethylene succinate),sugar,poly(nonamethylene l-tartrate) and poly(nonamethylene dl-malate)
acs.macromol.5b02713,Imogolite–Poly(acrylic acid) Hydrogel,poly(ethylene oxide),poly(N-isopropylacrylamide),imogolite–poly(acrylic acid),imogolite,poly(acrylic acid),PAA
ma301980w,poly(vinyl acetate),poly(methyl methacrylate),PMMA,PVAc,silicon oxide,aluminum,Poly(vinyl acetate),toluene,Al,polystyrene,DOP,Au,poly(tert-butylstyrene)
ma301689h,Polyolefin,silicates,polyolefin,hydrogen,OH,carbonyl,−OH,poly(methyl methacrylate),PMMA,silicate,tyramine hydrochloride,C═O,H,tyramine,oxygens,ester,toluene,carbonyl ester,EPM-g-DEM,polyethylene,organo,Maleic anhydride,succinic anhydride,Si,PE-g-MAH,polyethylene CH2,carboxylic acid,maleic anhydride,carboxylic
acs.macromol.5b00315,carbon monoxide,poly(aryne-alt-carbon monoxide)s,o-arylene,carbonyl,Aromatic polyketones,arylene,biarylene,terarylene,Ar3–Ar4,ketonic carbonyl,arylene dihalides,bis(α-amino nitrile)s,poly(arylenecarbonyl)s,p-arylene,poly(o-arylene)s,polystyrene,poly(phenylenecarbonyl)s,p-phenylene,[2.2.1]oxabicyclic alkenes,aryne,aromatic polyketones
acs.macromol.5b00965,N-Isopropylacrylamide,NIPAM,hexane,Dimethyl sulfoxide,DMSO,dimethylformamide,DMF,acetone,toluene,tetrahydrofuran,THF,polystyrene,poly(methyl acrylate),PMA,Mn,trithiocarbonate,1H,2-hydroxyethyl acrylate,HEA,oligo(ethylene glycol) methyl ether acrylate,OEGA,poly(tert-butyl acrylate),PtBA,N-isopropylacrylamide,dioxane,PNIPAM
acs.macromol.5b02276,poly(3-hexylthiophene)-block-PPCBM,P3HT-b-PPCBM,P3HT,polystyrene,fullerenes,fullerene,poly(p-phenylenevinylene),poly(3-hexylthiophene),perylene bisimide,PBI,poly(diketopyrollopyrole),"poly((9,9-dioctylfluorene)-2,7-diyl-alt-[4,7-bis(thiophen-5-yl)-2,1,3-benzothiadiazole]-2′,2″-diyl)",PFTBT,phenyl-C71-butyric acid methyl ester,PC71BM,Polystyrene,phenyl-C61-butyric acid methyl ester,PC61BM,1 × 10–4 cm2 V–1 s–1,pendant PC61BM polystyrene,pendant PC61BM fullerenes,PSOH,P3HT-b-PSOH,copper(I),azide–alkyne,Ethynyl,ethynylmagnesium chloride,poly(4-hydroxystyrene-stat-4-methoxystyrene) PSOH,nitroxide,styrene,4-hydroxystyrene,OH,ethynyl,azide,copper(I) iodide,"N,N,N,N,N-pentamethyldiethylenetriamine",PMDETA,THF,P3HT-alkyne,P3HT–alkyne,P3HT:PC61BM,alkyne,Mn,P3HT-b-PSOH 1–3,P3HT-b-PPCBM 1–3,hydroxyl,chloroform,H-aggregates,ethylnyl-terminated poly(3-hexylthiophene)
ma102661s,Polythiophenes,"poly(3-(4′-(3′′,7′′-dimethyloctoxy)phenyl)thiophene)",P3PhT,"poly(3-(4′-(3′′,7′′-dimethyloctoxy)-3′-pyridinyl)thiophene)",P3PyT,Grignard metathesis,GRIM,poly(3-hexylthiophene),P3HT,PTs,poly(3-alkylthiophene)s,thiophene,poly(3-(4-octylphenyl)thiophene),POPT,FeCl3,phenyl,poly(3-(4-dodecylphenyl)thiophene),vanadium acetylacetonate,4-(Thiophene-3-yl)phenol,"1-bromo-3,7-dimethyloctane",K2CO3,acetone,nitrogen,"Poly(3-(4′-(3′′,7′′-dimethyloctoxy)phenyl)thiophene)","Poly(3-(4′-(3′′,7′′-dimethyloctoxy)-3′-pyridinyl)thiophene)",methanol,CHCl3,Mn,polystyrene,Ag,AgCl,Pt,pyridinyl,hexyl,dimethyloctoxyphenyl,dimethyloctoxypyridinyl
ma201665n,poly(n-hexyl isocyanate),poly(dialkylfluorene),poly(methyl-n-propylsilane),PTFE
acs.macromol.5b00654,poly(ether ether ketone),PAA,amine,anhydride,polyimide,N-methyl-2-pyrrolidone,NMP,lithium bromide,poly(styrene),DMA,polyimides
ma802786z,polyester,tertiary amine,Lactone,benzoxazine,nitrogen,LiAlH4,diol,lactone,Mn,polystyrene,THF,KBr,−OH,−Ph−OH,−CH2−OH
ma901518w,Poly(m-phenylene oxides),Oxacalixarenes,poly(m-phenylene oxides),mPOs,poly(mPOs),oxacalixarene,poly(phenylene oxides),PPOs,poly(aryl ethers),poly(aryl ether sulfones),poly(ether ether ketones),poly(ether imides),poly(meta-phenylene oxides),poly(mPO),nitrile,PEN,poly(arylene ether nitrile),"silylated 1,3-diphenol",fluoride,oxacalixarenes,oxacalix[n]arenes,m-dihalide,aryl ether,Poly(mPO),acetone,methylene chloride,Celite,Poly(mPO) Synthesis,poly(mPO) 8 predominates,oxacalix[4]arene,silica,m-diphenol,"4,6-dichloropyrimidine",pyrimidine,"2,6-dichloropyrazine",nitrogens,oxacalix[6]arene,"poly(mPOs) 8, 10−14",nitrogen,PPO,"poly(2,6-dimethyl-1,4-phenylene ether)",halogen,orcinol,carbomethoxy,methoxy,olivetol,n-pentyl hydrocarbon,Poly(mPOs) 10,2-substituted poly(mPOs),n-pentyl,DMSO,K2CO3,NaOH,1H,oxacalix[4]arenes
