ma502523p,dynamics,melts,chains,Ns,system,melt,matrix,molecular dynamics,"(i.e., N = Ns)—that",polybutadiene,PB,polyethylene,PE,systems,weight,poly(propylene oxide),matrices,polystyrene,η(Ns),dimensions,densities,lengths,N/Ns = 1,τ*(Ns),samples,chain length 5120,albeit with β = 1/2,probe,alkanes,R2(N)/N,segment,component,coarser,albeit to a lesser extent,ones
ma100470w,NC,PVMS,Tg,chains,material,dynamics,silicone,elastomer,surfaces,system,side-chains,component,hydrophobic,wettability,spacer,siloxane,substrate,poly(dimethylsiloxane),PDMS,comparison,amphiphiles,side-chain,substrates,toluene,samples,rectangles,electrodes,self-assembled,monolayers,volumes,systems,middle,hydrocarbon,linkers,“glassy”,−(CH2)2−OH,equivalent,−(CH2)11−OH,dispersing,linear,"see Table 1; for comparison linear Tg for PDMS: 145−150 K, depending on crystalline fraction",−S−(CH2)2−OH,−(CH2)11−,analogues,alkyl,polyethylene,named the PE-γ relaxation in that case,interior,"DSC, DRS, and DMTA",−S−(CH2)6−OH,architecture,subsurface,macromolecules,weight,densities,analogue,−(CH2)11−CH3
ma502273a,poly(acrylic acid),PAA,polycations,PDMAEMA,PDADMAC,bulk,multilayers,PE,polyelectrolytes,polyelectrolyte,multilayer,PEs,PEM,substrate,colloids,constituents,substrates,coating,components,chains,particles,stickers,dynamics,mesh,PEMs,poly(allylamine hydrochloride),PAH,"Mn ∼ 43 000 g/mol, Mw/Mn ∼ 1.15","Mn ∼ 82 700 g/mol, Mw/Mn ∼ 1.09",Mw,g/mol,polyethylenimine,polycation,component,transparent,Films,quartz,as-received,precursor,bilayer,bilayers,weight,mixtures,system,fractions,linear,alkyl,Salt-induced,around 20 to 1 in Figure 3 for pH 3,ones,equimolarity,systems,∼15–60%,weights,material
ma3016085,material,compositions,system,elastomers,glasses,glassy–rubbery,rod-like,dynamics,polycarbonate,Tg,polyimide,PAA,plates,spin-coating,slides,cross-linked,polyimides,substrates,cantilevers,samples,20 μm thick,azobenzene-functionalized,ideal,architecture,weight,melt,chains,fragility,index,un-cross-linked,parent,CP2,densities,probe,“hard”,“soft”,walls,dye,"Figure 3a, ■",chromophores,nonuniform,azobenzne,host,matrix,architectures
ma3004899,system,cells,weight,high-molecular-weight,analogues,CHCl3,comparison,drop-cast,Tg,material,PEDOT:PSS,resin,PX681C/NC,resins,standard,permeation,chromatography,GPC,polystyrene,columns,calibration,standards,dithranol,matrix,Column,silica,HPLC,Celite,Mn,spin-coated,ITO,substrate,PEDOT,chloroform,aluminum,silicon
ma802516a,dendrimers,systems,segment,components,DB,core,system,THF,CHCl3,index,dn/dc,silica,column,chromatography,standard,"0.06 g, 2.70 mmol",reference,comparison,material,chloroform,weight,gyration,Rg,g/mol,linear,architecture,dendrimer,architectures,Tg
acs.macromol.5b02481,copolypeptoids,poly(N-(n-propyl)glycine),block,water-soluble,poly(N-methylglycine),polypeptides,polypeptoids,chains,well-defined,linear,thermoresponsive,bulk,polysarcosine,brush,cross-linked,core,corona,systems,thermosensitive/crystallizable,cyclohexane,material,silica,macroinitiator,SEC,mixtures,capillaries,weight,CHCl3,column,chromatography,columns,Calibration,poly(methyl methacrylate),PMMA,standards,PSS,samples,quartz,comparison,reference,system,platinum,index,dn/dc,Mn,core–shell,hydrophobic,Tg,shell,semicrystalline,polypeptoid,∼400–500,or wM,radii,gyration,Rg,"micro-DSC, Figure 3A",dimensions,additives,particles,Reiter
ma801563s,hybrid,system,chains,silicon,architectures,component,components,building,block,core,dendrimers,precursors,standard,permeation,chromatography,GPC,Waters,polystyrene,standards,THF,LS,chloroform,trans-7,cis-7,toluene,CHCl3,P1,P3,P4,P5,73.54;,weights,Mn,P1−4,cores,Tg,Tg’s,alkyl,stereochemistry,comparison,quartz,plates,lengths,17−21nm,acceptor,spin-coating,architecture,solids,oligomers
ma101240j,silica,nanoparticles,polystyrene,chains,grafts,self-assemble,well-dispersed,homopolystyrene,matrices,matrix,both PMMA,systems,brush,“autophobic dewetting”,composites,particles,samples,system,segments,nanocomposites,“glassy”,“bridges”,ones,dynamics,C60,PMPS,silicate,sheets,surfaces,sheets−chain,surfactants,weights,immiscibility,core,block,amphiphiles,PMMA,composite,shells,toluene,aluminum,cups,graft,Mw = 18 kg/mol and 188.6 kg/mol,kg/mol,densities,Tg,Tg’s,plates,stationary,Rg,gyration,weight,sample B,lengths,spheres,cores,polybutadiene,domains,brushes,blend,composite A,10 kg/mol,PS,component,proximate,as proposed by Long and co-workers,0.12 chains/nm2,behave
ma702526u,weight,Mn,surfactants,PVDF,Freon,system,poly(acrylic acid),HPLC,densities,permeation,chromatography,GPC,Waters,Styragel,columns,index,polystyrene,standards,calibration,reference,indium,MWD,weights,F-EA,compositions,hydrocarbon,PDI,Tg,typical Tg for PVDF = −40 °C,low-molecular-weight,high-molecular-weight,MWDs,polydispersity,comparison,PDIs,chains,particles,low-HFP,fractions,P1,P2,volumes,[I]=,semicrystalline,ones,systems,material
ma501078e,bulk,heterojunction,BHJ,cells,building,block,material,fullerene,alkyl,chains,plates,drop-cast,weight,Mn,Mw,polydispersity,index,permeation,chromatography,GPC,polystyrene,standards,THF,samples,spin-coated,SiO2,substrate,Au,electrodes,dodecyl,PC70BM,column,PBDTC-TT1,toluene,chloroform,ITO,PEDOT:PSS,o-dichlorobenzene,system,kg/mol,weights,reference,CHCl3,poly(3-hexylthiophene),P3HT,"EHOMO = −4.70 eV, Eg = 1.90 eV",acceptor,PCBM,backbones,spacer,coating,PBDTC-TT1:PC70BM,blends,domains,blend,components,comparison,packed-structures,solubilizing,guest
ma9015483,Blends,tacticities,tacticity,stereocomplex,polyester,blends,Grenier,poly(lactide),PLA,polyesters,S-polyesters,material,P(S-2HB),P(R-2HB),weight,Mn,blend,Mw,chloroform,Tosoh,GPC,system,weights,melt-crystallized,PLLA,Mn = 2.7 × 103 g mol−1,PDLA,PLLA/PDLA,melt,bulk
ma5014397,acceptor,cells,analogues,high-molecular-weight,weights,weight,P1,GPC,CHCl3,chains,2-ocyldodecyl,P2,low-molecular-weight,P3,P4,P5,drop-cast,alkyl,trimer,reference,comparison,chromatography,permeation,system,polystyrene,columns,calibration,standards,Waters,alliance,o-dichlorobenzene,dithranol,matrix,Column,silica,HPLC,systems,column,chloroform,Mn,material
ma801293j,resins,material,sphere,cross-linked,epoxy,ionic-liquid-containing,Films,"89 mg, 0.47 mmol to 184 mg, 0.97 mmol",polytetrafluoroethylene,PTFE,mold,BADGE/MY721/TEPA/(34 wt %)EMImTFSI,translucent,BADGE/Tetrad-X/(34 wt %)TEPA/BMImTFSI),system,aluminum,epoxy/ionic,calibration,weight,hydrophobic,agents,mixtures,Tg,fractions,resin,samples,systems,chains,runs 26 and 28,compatibility,component,solids,bulk,"runs 26, 28, 30, and 32",composites,domains,diameters,matrix
ma5002047,comparison,cells,fluorophore,probes,material,aluminum,building,block,dyes,heterojunction,dye,PC61BM,self-assembled,NP,standard,weight,Mn,chromatography,SEC,system,THF,CHCl3,Polystyrene,standards,calibration,platinum,substrate,ITO,toluene,20 mg mL–1,spin-coated,BCP,silica,column,CM,chains,weights,size-exclusion,polystyrenes,skeleton,cores,core,ITO/Ca,NP/LiF/Al
ma800380r,constituent,ethylene,resin,cross-linked,polyethylene,low-molecular-weight,oligomer,analogues,[Me2Si(η5-Me4C5)(NtBu)]TiCl2,precursor,Zeon’s,weight,chloroform,skeleton,system,Tg,Mw,GPC,material
ma702429r,Blends,Poly(ethylene oxide),poly(ethylene oxide),PEO,systems,poly(ethylene oxide)−dimethyl,PEO−DME)/poly(methyl methacrylate,PMMA,PEO/poly(lactide),PLA,PVAc,blends,weight,blend,components,self-concentration,PEO/PVAc,immiscibility,poly(styrene),PS)/poly(vinyl methyl ether,PVME,PS/poly(phenylene oxide),PPO,PEO)/poly(methyl methacrylate,PI)/poly(vinylethylene,PVE,PCL,PVDF,phase-separated,chains,PEO/PMMA,PS/tricresyl,PS,dibutyl,phthalate,PS/PVME,system,component,dynamics,PEO-rich,mixtures,hydroxyl-terminated,PEO−DME,glycol,analogue,poly(ethylene glycol),weights,Mn,100 000,g/mol,poly(vinyl acetate),poly(methyl methacrylate),Davidock,poly(lactic acid),polydispersity,index,chloroform,Tg,compositions,samples,material,aluminum,reference,standard,calibration,Tgs,casting,single-phase,segment,bulk,ϕs,Kuhn,PEO-1000/PMMA,PI,partner,well-defined
ma902840d,styrene,systems,weight,MWDs,Tg,polydispersity,system,low-molecular-weight,toluene,permeation,chromatograph,GPC,index,counterpart,Mn,free-standing,THF,weights,MWD,calibration,material
ma062887a,nanoparticles,citrate-coated,nanocrystals,oxide,iron,diblock,weights,systems,weight,macromolecules,colloids,DNA,proteins,coating,constituents,block,homopolyelectrolytes,core−shell,cores,particles,polyelectrolyte,diameters,polydispersity,CeO2,isotherms;,bulk,blocks,30 000 or 60 000 g mol-1,PTEA11K-b-PAM30K,chains,volumes,index,toluene,gyration,dn/dc,system,indices,corona,core,component,comparison,respectively Eu:YVO4,"Centre de Recherches d'Aubervilliers, France",material
acs.macromol.6b00247,polyethylene,PE,chains,lengths,backbones,polystyrene,PS,polypropylene,PP,"poly(N,N-dimethylacrylamide)",PDMA,"poly(N,N-diethylacrylamide)",nonpolar,solute,polyacrylamide,"PAAm), and PDEA",samples,PGMA,PG2,Mn,g/mol,weight,polydispersity,indexes,"Mw = 9.0 × 104 g/mol, analytically pure",quartz,slides,substrates,substrate,segments,macromolecules,worm-like,WLC,FJC,dendron,fragments,side-chain,comparison,macromolecule
acs.macromol.6b00141,Thiol–epoxy–acrylate,weight,acrylates,phase-separated,hybrid,cross-linked,two-component,coatings,component,components,single-phase,material,compositions,Tg,mixtures,agents,Tgs,D.E.R,long-chain,epoxy,formulations,samples,systems,sheets,extender,chains,hybrids,small-molecule,incompatibility,domains,ΔTg,extenders,rubber,comparison,density;,Mc values compiled in Table 1,system,HPNs;,spheres,matrix,linear
ma3008702,polypropylene,SEC,fractions,micro-,chains,material,PP,ethylene,polyolefins,polyethylenes,polypropylenes,rubbers,UHMWPE,low-crystalline,coating,architecture,HPLC,polyolefin,system,blend,rubber,tacticities,components,bulk,constituents,segments of,macromolecules,melt,segment,“amorphous”,crystallizing,components;,HDPE,disk,Mw,dispersity,samples,GPC,chromatograph,index,column,columns,polystyrene,standards,calibration,chromatography,aluminum,foil,reference,constituent,at least,PE,1 000 000,g/mol,Mn,polyethylene,low-M,comparison,LPE,segments,tie,less;,LDPE,lengths,matching,high-M,component,ones,“overshoot”,weight
ma100726z,LS,monolayer,brushes,macroinitiator,NIPAM,low surface pressure,thicknesses,pNIPAM,brush,wettability,coatings,chains,surfaces,poly(n-isopropylacrylamide),coil,thermoresponsive,anchor,architectures,well-defined,weights,polydispersity,indices,PDI,block,casting,self-assembled,SAM,polyelectrolyte,macroinitiators,Langmuir−Blodgett,LB,substrate,monolayers,air−water,multilayer,triblock,subphase,nonpolar,substrates,analogue,graft,methacrylate,silicon,wafer,styrene,bromoester,column,HPLC,chloroform,THF,FTS7000,pellets,platinum,samples,aluminum,Tg,material,indium,permeation,chromatography,GPC,poly(styrene),poly(methyl methacrylate),standards,calibration,system,pretreated with hydrofluoric acid,segment,pHeBiB,ATRP initiator,weight,g/mol,diblock,PSt,PMMA,polystyrene,flakes,poly(ethylene oxide),poly(vinyl acetate),hydrophilic;,architecture,compositions,bilayer,core,coronae,behaves,segments,lifting,molar,systems,PNIPAM,comparison,SAMs,Brushes,pSt,grafting,hydrophobic,domains
ma071759z,Polystyrene,polystyrene,sPS,material,system,behaves,samples,bulk,pellets,melt,toluene,chloroform,chains,sheet,block,electron-density,core,segments,"ηe,c","ηe,a"
ma801802d,samples,dynamics,elastomer,systems,dyes,dye,material,system,dimensions,weight,matrix,cross-linkers,Films,mix,mono-,diacrylates,diacrylate,acrylates,cross-linked,azo-dye,mesogen,polyimide,PC,cells,comparison,guests,mesogens
acs.macromol.5b02319,dynamics,tubes,dimensions,melts,Kuhn,segments,chains,melt,Rouse–Zimm,architecture,obstacles,slides,such as melts,weight,systems,DNA,linear,counterparts,system,Self-similar,red line AB in Figure 2,consisting,g/Ne,cyan loops in Figure 2b,skeleton,samples,theta-solvent,gyration,c ≈ 1/v,decoration,compactness,core,segment,ideal,lengths,star,blends,star/linear,comparison,polystyrene,"N/Ne,0","(N/Ne,0)1/2"
ma902247y,PLLA,components,component,chains,samples,MAP,fractions,semicrystalline,systems,dynamics,Tg,dynamic fragility,stereoregularity,melt,material,dimensions,domains,polyethylene,polypropylene,polyamide,poly(ethylene terephthalate),PET,PBT,PPS,poly(l-lactide),architecture,macromolecule,surfaces,high-density,polylactide,fragility,cold-,melt-crystallized,densities,substrates,τ1 and τ2,crystalline/amorphous,weight,poly(ethylene terephtalate),PTFE,system,Mn,g/mol,polydispersity,index,GPC,pellets,sheets,sheet,mold,compression-molded,×10,Kapton,foil,aluminum,PLA,PDLLA,casting,chloroform,substrate,as-cast,disk,36.5%,probe,noncrystalline,micro-Brownian,comparison,poly(styrene),counterpart,column,lattices,ones,PLLA’s,segments
ma900838v,HM-PiPrOx,weight,hydrophobic,core,samples,PiPrOx,chains,corona,amphiphile,guest,self-assemble,solute,self-assembled,end-capped,HM,amphiphiles,poly(ethylene oxide),PEO,flower,HM-PEO,modifiers,fluids,coatings,alkyl,segment,well-defined,poly(2-alkyl-2-oxazolines),PNIPAM,NIPAM,coronae,phase-separated,nonpolar,PEtOx,fragments,weights,system,oxide,10K,protein,reference,volumes,cells,tubes,block,ASAap,lipids,iPrOx,domains,Mn,Tg,7K,star,bulk,see Figure 8 for a pictorial representation,rodlike,microgel,particles,systems,high-density,brushes,nanoparticles,brush,outer,polyester,PNIPAM-grafted,gold,micrometer-sized,microgels,radii,counterparts,cores,segments,diphenylhexatriene,probe,lipid,bilayers,“crumbled,peptides,diblock,end-modifications,material
ma302434c,polysaccharide,formulations,HEPE,“one-pot”,chromone-3-carboxaldehyde,graft,chitin,agents,material,NIPAM,chitosan,macroinitiator,comb-shaped,dextran,stimuli-sensitive,poly(N-(2-hydroxyethyl)prop-2-enamide),PHEPE,column,aluminum,oxide,reference,samples,weights,Waters,permeation,chromatograph,GPC,Ultrahydrogel,columns,weight,100–500 000,PEO,0.24 g,Chromone,nanoparticles,2 mg/mL,system,calibration,styrene,polypropylene,substrates,chains,polydispersity,comparison,self-assemble,segments,core,corona,shell,PHEPE:,(Figure S5A–C);,core–shell
ma1027164,acceptor,cells,blends,fullerene,weight,BHJ,phase-separated,blend,components,PC61BM,PC71BM,P3HT,column,chromatography,THF,toluene,material,oligomers,PTFE,GPC,Mn,Mw,PDI,chloroform,standard,weights,calibration,polystyrene,reference,platinum,tin,oxide,ITO-coated,substrates,PEDOT:PSS,spin-coated,aluminum,Si,system,permeation,polydispersity,index,Tg,linear,surfaces,domains,chains
ma3020273,Poly(N-isopropylacrylamide),well-defined,poly(N-isopropylacrylamide),pNIPAm,IL,weight,Mw,gyration,Rg,systems,system,mixtures,block,ILs,pBnMA/[C2mIm+][TFSA–],weights,dodecyl,Mn,polydispersity,index,permeation,chromatography,GPC,columns,(Tosoh,polystyrene,standards,indices,phase-separated,samples,viscosities,thus-obtained,semidilute,chains,submicrometer size,comparison,pBnMA/d8-[C2mIm+][TFSA–],densities,volumes,coil,pBnMA/IL,material
ma202508h,Polylactide,Tetraaniline,hydrophilicity,polyester,polylactide,PLA,wettability,oligomer,polyesters,bulk,host,polycaprolactone,PCL,side-chain,PAA,cells,DNA,electrospun,substrate,oligomers,trimer,well-defined,linear,diblock and triblock,star-shaped,cross-linked,hydrogels,architecture,weight,Films,solution-casting,CHCl3,samples,mini-shaker,comparison,hydrophobicity,segment,grafting,monolayer,brush,chains,weights,segments,surfaces,brushes,substrates,material
ma300549m,polyimides,microporosity,PIMs,PIs,PIM,segments,side-chain,permeation,poly(1-trimethylsilyl-1-propyne),PTMSP,backbones,PIM-1,PI,polyimide,chains,probe,chloroform,standard,system,weights,weight,chromatography,polystyrene,systems,samples,column,TLC:ethyl,THF,solids,bottle,toluene,Mn,Mw,PDI,PTFE,densities,chromatograph,fractions,walls,g/mol,polydispersity,indices,Tg,branches,comparison,material,<2
ma061078o,system,material,viscosities,cast,star-shaped,ionomers,PTMC,weight,Mn,kg/mol,weights,melt,cross-linked,segments,UPy-functionalized,hexanediol,tin,GPC,reference,dibutyl,mixtures,chloroform,Tg,chains,segment,dimensions,elastomer,samples,tackiness,melts,scaffold,domains,UHMWPE,cells,comparison,THF,densities,counterparts,HPLC,solids,permeation,chromatography,Waters,calibration,diol,Mw,PD,silica,Films,Teflon,molds,sheets,drop cast from chloroform 1 mg/mL,substrates,silicon,aluminum,mold,pellets,polyethylene,cultured at a starting density of 2.5 × 103 cells/well in a 96-wells plate for 48 h
ma102813y,casting,Nafion,phase-separated,domains,PEMs,cells,PEM,hydrophobic,poly(arylene ether)s,hydrophobicity,HFB,backbones,weights,permeation,chromatography,GPC,LC-7000,system,polystyrene,columns,samples,toluene,column,cyclohexane,Celite,Ws,Wd,platinum,electrodes,cantilevers,material,weight,comparison,densities
ma402361z,silicones,silicone,elastomers,backbones,cross-linked,melt,elastomer,chains,thermosets,block,segment,polyurethanes,poly(butylene terephthalate),polystyrene,mesogens,blocks,domains,ionomers,well-defined,silicone-based,precursors,densities,coumarin-containing,weight,siloxane,embrittlement:,solids,samples,comparison,rubbers,"limited capacity for stress, but high strain tolerance",silica,self-assemble,PDMS,material,fluids,mold,matrix,parent,carbonyltriazole,“hard”,fragments,viscosities,diluent,thermoset,counterparts,oils,toluene,column,chloroform,Tg,components,THF,pad,"6.90 g, 31.0 mmol","2.0 g, 6.9 mmol"
ma902303e,matrix,chloroform,permeation,zeolites,fillers,surfaces,agents,silica,fullerenes,nanotubes,linkers,mixtures,ZIF-8,components,particles,fluids,bulk,fractions,skeleton,chains,weight,Tg,comparison,material,Teflon,mold,system,composite,cast,column,sputter-coated,lengths,calibration,compartments,PC,samples,polysulfone,nonsorbed,systems,9.0 ± 1.0,columns,ones,densities,casting,coils,walls,volumes,ρPS,probe
ma802637w,poly(ether sulfone)s,casting,hydrophobic,well-defined,phase-separated,cells,PEM,Nafion,hydrocarbon,poly(arylene ether)s,polyimides,PEMs,system,segments,periphery,star-shaped,block,copoly(ether ketone)s,chains,comparison,toluene,column,chromatography,silica,cyclohexane,platinum,electrodes,Ws,Wd,weights,samples,weight,cantilevers,plates,resin,permeation,PU-2080Plus,polystyrene,columns,TSK GELs; GMHHR-M,Mn,Mw,hydrophobicity,chloroform,THF,j′,ones,domains
ma5013557,precursor,system,shell,material,microcapsules,weights,counterpart,"PMeG, Tc = 26 °C",Tg,Mw,kDa,compositions,diads,weight,chloroform,nonpolar,Tg’s,end-capped,GPC
ma200824k,coatings,poly(ε-caprolactone),PCL,poly(l-lactide),PLA,PTMC,weights,toluene,poly(ethylene glycol),cells,polyesters,polycarbonates,microparticles,protein,stents,nanoparticles,hydrophobicity,peptides,proteins,block,compositions,chitosan,PEG,THF,column,chromatography,molar,P(CL-co-VSC)8.7%,Films,slides,chloroform,silicon,wafers,weight,polydispersity,Waters,permeation,chromatograph,GPC,linear,columns,polystyrene,standards,calibration,samples,parent,78.6–95.0%,Mn,PDI,Scheme 2c,"Figure 2B,C",water-soluble,substrate,comparison,carboxyl-functionalized,counterparts,material,"Figure 5A,B"
ma400454u,n-butyl,high-molecular-weight,Tg,spacer,sheets,brittleness,poly(methyl methacrylate),polycarbonates,ethylene,weight,Mn,Mw,polydispersity,chromatography,SEC,THF,Tosoh,RE-8020,system,calibration,polystyrenes,index,indices,precursor,silica,ca. 1 L,oxide,column,oils,chloroform,weights,compositions,bulk,zero;,systems,poly(RMI-alt-BCm)s,poly(MMI-alt-BC6),toluene,poly(MMA),high-Tg,material
ma500333r,building,block,cells,weight,BHJ,interpenetrate,fullerene,acceptor,system,PC61BM,PC71BM,architecture,alkyl,THF,chloroform,dichlorobenzene,weights,Mns,kDa,polydispersity,index,PDI,permeation,chromatography,GPC,polystyrene,standard,systems,octyl,backbones,OTS,chains,blend,PIDT–OBPQ:PC61BM,OBPz,reference,graphite,sheet,Waters,silver,electrodes,silicon,spin-coated,substrates,60 nm,probe,ITO-coated,ZnO,material,spin-coating,10 nm,aluminum,silica,toluene,CHCl3,4.36%
ma051685w,Interdiffusion,Films,latex,blend,particles,system,branches,dye,−NCN-containing,acceptor,coatings,formulations,solids,Tg,tackiness,components,coating,substrate,component,mixtures,matrix,cells,cross-linked,cast,methacrylate,dodecyl,weights,weight,permeation,chromatography,GPC,Styragel,columns,index,poly(methyl methacrylate),standards,bottle,water-soluble,D-MAA-11,column,A-CCEMA-3.2,quartz,plates,disks,THF,lengths,aluminum,samples,systems,dimensions,solvent-cast,blends,CHCl3,reference,disk,un-cross-linked,W2,compositions,dyes,chains,hydrophobicity,pellets,D-MAA-11/A-tBCEMA-5.2,An-,D-MAA-11 + A-tBCEMA-5.2,D-MAA-11/A-CCEMA-4.6,groups.7,Mw = 63 000,D-labeled,graft,compatibilizers,domains,segment,comparison,tert-butyl-NCN−,thermoset
ma201538p,polystyrene,bilayer,PS,substrate,PMMA,host,self-organized,multilayer,weight,underlayer,bilayers,underlayers,dynamics,system,viscosities,thicknesses,substrates,chains,"PS2.4k-Mw = 2.4 kg/mol, PS4k-Mw = 4 kg/mol, PS48k-Mw = 48 kg/mol, PS390k-Mw = 390 kg/mol, and PS2000k-Mw = 2 000 kg/mol; Mw/Mn < 1.1",poly(methyl methacrylate),"PMMA10k-Mw = 10 kg/mol, PMMA15k-Mw = 15 kg/mol, PMMA50k-Mw = 50 kg/mol, and PMMA350k-Mw = 350 kg/mol; Mw/Mn < 3",Si,wafer,oxide,spin-coated,chloroform,wafers,toluene,samples,cyclohexane,PS/PMMA,systems,hL = 25 nm,Mw,middle,concave,PS–PMMA,material,nonuniform,10 kg/mol,2.4 and 4 kg/mol,weights,melt
acs.macromol.5b02304,material,ethylene,oxide,diol,host,TRPs,chromatography,Water-soluble,block,hydrogels,nanoparticles,hybrids,microenvironment,"e.g., acid-labile",non-LCST,macromonomers,polypeptides,water-soluble,PA,diols,column,indices,Mn,weight,PA4020V13.5,glycol,compositions,hydroxyl-terminated,GPC,THF,PTFE,PS,standards,[EasiVial,DP,weights,polystyrene,calibration,plates,monolayers,cells,samples,system,PAs,chains,CPT,mixtures,hydrophobic,blends,MW,pH-degradable,poly(N-isopropylacrylamide),standard,cores,compartments
ma052087k,chromophores,backbones,side-chain,cross-linkable,systems,tricyanovinylation,compatibility,host,thermosets,macromolecules,dynamics,precursor,parent,PM-3,permeation,chromatography,GPC,dendron,acceptor,architectures,ones,chains,Tgs,spin-coated,indium,tin,oxide,ITO,substrates,gold,60 pm/V,counterpart,analogue,comparison,cross-linked,THF,chloroform,material,multilayer
acs.macromol.5b00895,hydrocarbon,material,chromatography,permeation,substances,weight,probe,components,column,probes,poly(N-isopropylacrylamide),blends,Tg,surfactants,component,system,nonsorbing,solute,under investigation,nonsorbed,solutes,bulk,VN,comparison,index,standard,Mn,Mw,cross-linked,columns,bearing,PNIPAM,nonsolvents,systems,"e.g., atactic polypropylene–hydrocarbons",polyacrylonitrile,poly(vinyltrimethylsilane),microporosity,PIMs,poly(methyl methacrylate),rubbers,rubber,matrix,molar,cellulose,PTMSP,nonpolar,chains,solvent”,alloys,ones,n-alkanes,Teflon,“frozen”,alkanes,volumes,dynamics,samples,mixtures,sometimes large,concave,PMMA,n-hexane/high,polyethylene,polystyrene,polyamides,polyelectrolyte,poly(acrylic acid),methacrylate,αg,reference,poly(viny1 acetate),PVAc,semicrystalline,toluene,poly(vinyl alcohol),branches,perfluorinated
ma0611826,nanocomposites,aerogels,weight,composites,poly(vinyl alcohol),PVOH,matrix,Tg,clay/PVOH,composite,comparison,fractions,volumes,chains,increasing chain mobility,montmorillonite,clays,“house,densities,low-density,high-density,fillers,poly(ethylene oxide),PEO,systems,particles,dynamics,system,surfaces,bulk,MEQV,"Mn = 108 kg/mol, 99.7% hydrolyzed",shell,monoliths,MMT,Films,thicknesses,doctor,blade,samples,epoxy,poly(vinyl acetate),material,nano-,silicate,sheets
ma0713916,oligomers,viscosities,counterparts,thermoplastics,polycarbonate,poly(ether ketone),poly(ether sulfone),polyamide,poly(ether−imide),polyester,macromolecules,system,polyamides,MC-CDIs,toluene,poly(propylene glycol),PPG,diols,weights,oxide,components,GPC,weight,mixtures,column,chromatography,linear,segment,polyether,segments,precursor,T2P700,shown in Figure 1c,Tg,polyurethanes,systems,material
ma2019123,PEO/PMMA,poly(ethylene oxide),PEO,poly(methyl methacrylate),PMMA,blend,dynamics,comparison,blends,chains,components,melt,component,segments,matrix,obstacles,PS/PVME,weight,samples,system,d-PEO/h-PMMA,gyration,melts,interrelations,two-component,h-protonated; d-deuterated,"i.e., a three component system",Rg,reference,molar,"i.e., protonated plus deuterated chain",Blends,NADA – NBDB)/(ΦBNADA + ΦANBDB,systems,κijP(t),d-PMMA,THF,chromatography,SEC,polystyrene,standards,d-PEO,cyclohexane,vol/vol,toluene,disk,quartz,calibration,standard,h-PMMA,domains,rod-like,rod,coil,rods,kDa,CMF,segment,zero;,immiscibility,PVME,of1,plasticizer,GN0 ≅ 3.1 × 105 Pa,dimensions,radii,columns,miscible,building,“fragile”,“fast”,LS,PS,microcrystals,linear,disclinations,“strong”,glasses,0.2 MPa,fragments,tacticity
acs.macromol.5b00955,cylinder-forming,block,material,weight,BCP,incompatibility,architecture,well-defined,templates,substrates,substrate,"e.g., glass",self-assembling,blocks,weights,well-aligned,columns,rows,BCPs,polystyrene,PS,minority,PS-b-PMMA,phase-separated,probes,chains,PS-b-P2VP,components,Tg,component,dynamics,samples,“frozen”,as-cast,PDMS,domains,shear-aligned,thicknesses,monolayers,monolayer,MW,high-MW,systems,densities,Films,slides,poly(methyl methacrylate),PMMA,poly(2-vinylpyridine),PVP,poly(ethylene oxide),PEO,PI,polydimethylsiloxane,spin-cast,toluene,thick,system,SS,cross-linked,"PDMS, Sylgard 184 with 5:1 mix ratio, vacuum-cured at 80 °C for 24 h",Silver,behenate,standard,∼4,disclinations
ma401617z,chains,systems,comparison,system,fluids,mixtures,spheres,weight,dynamics,formalisms,particles,substances,samples,hard-sphere,monodisperse,linear,nearest-neighbor,densities,DCOM,mesh,Si,reference,valleys,lengths,ones,density;,low-density,domains,BR,material
ma900008m,indices,cells,counterparts,coating,casting,dyes,chromophores,probes,linkers,AlQ3,standard,weight,Mn,size-exclusion,chromatography,SEC,system,polystyrene,columns,Polystyrene,standards,calibration,sphere,chloroform,THF,toluene,CHCl3,solids,weights,comparison,index,material
ma0620971,system,polyesters,additives,zinc,THF,polyester,stereochemistry,aluminum,diols,HPLC,enantiomers,chains,toluene,CHCl3,weight,material
acs.macromol.5b01866,Blends,dynamics,weight,blends,chains,components,would/should,blend,high-M,cis-polyisoprene,PI,PtBS,low-M,PI/PtBS,component,weights,well-entangled,reference,Kuhn,segments,systems,subchain,subchains,∼a3,segment,or entanglement strand,monodisperse,bulk,system,A/B,segment:(3)Here,polystyrene,PS)/poly(vinyl methyl ether,PVME,poly(methyl methacrylate),PEO,PVE,"with the asymmetry of τa,X significantly contributed from a large difference of glass transition temperatures of those components",material,samples,“monodisperse”,GPC,index,THF,RI/LALLS,standards,Mw,polydispersity,precipitant,compression-molded,disk,comparison,Tg,"For wPI = 75 wt %, this increase is observed only for G″ because ω is not high enough to allow G′ to clearly exhibit the increase overwhelming its plateau.",cf. red and green symbols in Figure 1,binary,rubber,fractions,"MK,PI","MK,PtBS","Tg,PI",red circles,321/PI,|G*| < 106 Pa,densities,lengths,polyvinylethylene,relaxing;,miscible,"τent,PI",non-negligible
ma3000779,Films,coatings,multilayer,substrate,PS-b-PMMA,diblock,polystyrene,bilayer,blend,SAN,poly(methyl methacrylate),PMMA,PS,poly(vinyl methyl ether),PVME,poly(ε-caprolactone),PCL,weight,Mw,g/mol,monodiseperse,PS3.7K,analogue,domains,"see the XPS results in Figure S1a,b",system,mica,chains,Tg,compatibility,branches,the arrow in Figure 4d,Masson,spin-coating,two-layered,ribbons,systems,component,PEO,PEO/PMMA,dewets,wettability,material
ma202128e,polyimides,polyimide,DPA-based,EC,reduced;,PANI,oligomer,polyamide,epoxy,systems,comparison,mixtures,weight,precursors,viscosities,weights,Mw,polydispersity,PDI,polystyrene,standards,free-standing,I–III,THF,CHCl3,spin-coating,segment,Tg,chains,cast,oxide,(ITO)-coated,substrate,system,Kapton,Films,AVANCE-500,standard,permeation,GPC,Waters,chromatography,index,Styragel,columns,7.8 mm i.d. × 300 mm,samples,probe,ITO,platinum,reference,ITO-coated,material
ma401171d,iron,oxide,nanoparticles,IONPs,graft,block,surfaces,chains,acrylates,shell,P(OEGA),dyes,fluorophore,dye,agents,protein,precursor,coating,dextran,poly(ethylene glycol),architectures,permeation,poly(ethylene imine),fluids,PEG,shells,PET,cells,material,blocks,“to”,"e.g., spermine",probes,weight,size-exclusion,chromatography,SEC,[∫–158.0ppm/(∫–158.0ppm + ∫–152.5ppm)],macroRAFT,polydispersity,weights,Mn,column,maghemite,coatings,brush,densities,samples,reference,"Mn,NMR: 29,400 g/mol, Mn,GPC: 27 000 g/mol, PDI: 1.2",DMAPA,DP,cross-linked,system,comparison,non-cross-linked,colloidal,particles,corona,Amino-acid-functionalized,"l-lysine, l-histidine, and l-arginine",zeta-potential,component,core
ma8016713,block,segments,blocks,self-assembled,poly(ferrocenylsilane),PFS,comicelles,macromolecules,hydrophobicity,hydrophilicity,macroinitiator,THF,weight,GPC,polystyrene,standards,Mn,end-functionalized,diblock,material,mixtures,"1,2-dichloroethane/hexane",SEC,column,chromatography,PP,calibration,PDIs,Tg,block;,drop-cast,well-defined,phase-separated,nanodomains,fractions,φPFS,spheres,matrix,precursor
ma400916k,toluene,well-defined,system,block,segment,polyesters,melt,PCL,PTMC,g/mol,diblock,chains,"TMC, 1,3-dioxane-2-one, Boehringer Ingelheim",THF,SEC,samples,chromatography,Waters,chromatograph,columns,polystyrene,standards,standard,matrix,dithranol,Tg,Mn,Tg2,HO(CH2)2CH2(CH2)2C(O)),14 500,compositions,blocks,segments,−39 °C,"from 46 °C for a PCL10 block, to 55 °C for a PCL80 block",tin,fractions,"−65 and −15 °C for PCL and PTMC of Mn = 8000 g/mol, respectively",weight,ones,material
ma500486u,silica,alox,plates,arrays,P2,P3,dyes,polythiophene,Water-soluble,hydrophobic,solids,weight,Mn,P1,THF,dye,columns,permeation,chromatography,material,GPC
ma901602y,polyurethane,SPU,cross-linked,plates,samples,segments,nodules,domains,polyurethanes,block,blocks,immiscibility,elastomers,fillers,matrix,material,precursor,system,“shape,polyol,single-phase,mixtures,non-negligible,index,PU,sheets,thicknesses,HS,chains,elastomer,polyester,"polycaprolactone, PCL",segment,macrotriol,bulk,SS,oligomers,g/mol,polycaprolactone,PCL,diol,incompatibility,MDI−HQEE,=1.06,molds,cylindrical,slides,mold,core,weight,cast,shell,THF,silver,behenate,standard,knife,cutting,RuO4,Tg,oligomer,lengths,segments;,rubber,spheres,casting,27 MPa to compare with 43 for plates,−11 MPa,−7 MPa,−6 MPa,midheight,including the surface,4πsin(θ)/λ where λ in the incident wavelength and 2θ is the scattering angle),systems,particles,gyration,Rg,well-defined,through:,13%,radius: 19.5 mm,after the end of the first melting endotherm at Tm1,+4 °C,fractions,cylinders’
ma0608828,Blends,dynamics,blends,LB,PBD,component,melts,CR-PBD/LB-PBD,compositions,blend,mixtures,components,compatibility,melt,LM,segment,Kuhn,segments,volumes,depending on the particular variation of the CF model,Tg,poly(ethylene oxide),poly(ethylene oxide)/poly(methyl methacrylate),PVME,as well as melts,CM,matrix,systems,PI)/poly(vinylethylene,PVE,PI,CR-PBD,LB-PBD,chains,alkyl,system,melt  or blend,β-relaxations,probes,blending,uninfluenced by blending,tails,minority
ma071878e,end-grafted,poly(N-isopropylacrylamide),PNIPAM,silica,substrate,quartz,silicon,wafer,NIPAM,weight,brush,chains,Poly(N-isopropylacrylamide),surfaces,chromatography,proteins,cells,methylcellulose,poly(vinyl acetate),shell,hydrophobic,hydrogels,bulk,polystyrene,latex,dimensions,coils,substrates,system,ones,wafers,1.4 cm in diameter,coating,oxide,NIPAAm,toluene,chloroform,Teflon,graft,permeation,calibration,standards,cantilevers,polydispersity,domains,mushroom-,Tip,segments,high-density
acs.macromol.6b00345,systems,weight,weights,ones,system,acrylates,chains,poly(methyl acrylate),DP
ma400866u,Poly(ferrocenylmethylsilane):,Polyferrocenylsilanes,silicon,PFMS,material,PFMSP,samples,weight,iron,spacers,precursors,PFS,semicrystalline,poly(ferrocenyldimethylsilane),PFDMS,oligomers,oligomer,domains,analogues,block,well-defined,PDI,GPC,weights,g/mol,Mn,polydispersity,"Mn = 5060 g/mol, PDI = 2.37",analogue,PFDMSA1,"Mn = 4070 g/mol, PDI = 1.04",Si,systems,GPC measurements: Mn = 72 100 g/mol,Mn(calc) = 6900 g/mol,tacticity,components,triads,comparison,linear,THF,star-shaped,Reiter,melt,Tg,"see Figure S17, Supporting Information",core-forming,segments,columns,indices,permeation,chromatography,triple-detector,chromatograph,column,dithranol,matrix,1:1 volume ratio,drop-cast,micropipet,wafer,standard,aluminum,substrates,slides,toluene,Al2O3,platinum
ma400304u,weights,system,elastomers,Tg,building,cross-linked,standards,chromatography,SEC,CF3–poly(VDF-co-MAF–TBE)–CF3,labels,alkyl,trimer,coatings,PVDF,interests:,precursor,graft,Mns,Mn,polystyrene,poly(methyl methacrylate) as the standards),where R = H for MAF or tBu for MAF–TBE,Tosoh,chloroform,Waters,columns,Styragel,calibration,PTFE,CA,probe,anchor,disk,material,standard,borosilicate,tubes,weight,"79%, i.e., the autoclave was weighed immediately after reaction and placed in ice for 30 min, and then the unreacted VDF was carefully released and the autoclave was weighed again",absence of any signals in the 19F NMR spectra,systems,surfaces,Tgs,chains,hydrophobicity,comparison,plasticizer,oligomer,rubbers,domains,kinks,ones,polydispersity,index,"Figure S15, Supporting Information",compositions,rVDF = 0.7 and rTrFE = 0.5 at 22 °C,comonomer-sequence,CF3–poly(VDF-co-M)–CF3,thermoplastics,viscosities
ma301423u,Poly(acrylonitrile),PAN,particles,systems,macromolecules,structureless,block,worm-like,self-assembling,disperse,polyacrylonitrile,precursor,component,coil,comparison,weight,kDa,1.53 dL/g,chains,Mw,MWD,GPC,Waters,Styragel,samples,compositions,polyethylene,fluids,"with concentration exceeding approximately 10c*, namely, forming entanglements as usual for flexible macromolecules in solutions",0.1–1%,system,suspensions,“soft”,colloids,hydrogel,self-assembled,cross-linked,linear,ternary,13%,weights,macromolecule,mixtures,interact,coils,molar,polyelectrolytes,poly(ethylene oxide),PEO,nodules,blocks
ma901609r,nanocomposites,MWNT,PMMA,solution-casted,composite,matrix,PMMA/clay,PMMA-rich,MWNT/PMMA,nanotubes,CNT,composites,material,SWNT,nanocomposite,ethylene,polyolefin,chains,kaolin,silica,graphite,system,coating,tubes,PTFE,toluene,samples,Tg,Stereoregularities,solvent-extracted,PMMA/c-MWNT,spin-coating,gold,MWNTs,tacticity,weight,C60,THF,92.5 wt %,55%−60%,segments,transparence,wettability,compatibility,comparison
ma202694p,cross-linked,cells,PBI,large-sized,PEMs,Nafion,PA,PEM,fillers,resins,polybenzoxazine,agents,host,material,poly(vinylidene fluoride),casting,weight,doctor,blade,cast,substrate,solution-casting,standard,fractions,W2,weights,probe,coil,dimensions,Tg,d/RS,reference,electrodes,poly(ethylene terephthalate),PET,die,compartments,PVDF,"Tanaka Kikinzoku Kogyo K.K., TEC36E52",platinum,graphite,plates,free-standing,constituent,volumes,mixtures,low-molecular-weight,samples,components,compositions,hygroscopic,backbones,component,chains,<50 wt %,lengths,coating,20 cm × 30 cm
ma900453c,nanotubes,DNA,oligomers,spherocylinders,bodies,proteins,protein,pockets,comings,“bead,components,ones,macromolecules,macromolecule,matrices,matrix,vp,particles,the point where the dissipation of energy is minimized,weight,reference,periphery,circumference,well-defined,component,column,sphere,rodlike,comparison,sheet,systems
ma101288w,graft,copolyimides,copolyimide,Nafion,material,cells,system,Tg,hydrocarbon,fuel;,systems,NTDA,polyimide,side-chain,polyimides,anhydride-terminated,solvent-cast,weights,gel-permeation,chromatography,columns,polystyrene,Ws,Wd,samples,aluminum,platinum,electrodes,Teflon,permeation,weight,particles,block
ma202485h,Films,double-layer-type,dendrimers,dendron,tetraphenylmethane,core,G3,dendrimer,Td10% over 500 °C,material,weight,weights,dendrons,system,periphery,silica,column,chromatography,chloroform,standard,matrix,permeation,chromatograph,THF,PI,quartz,reference,electrodes,Pt/Ir-coated,Si,spin-coated,size-exclusion,SEC,HPLC,"Shimadzu, LC-10AP",Tosoh,"refractive index, light scattering, and viscosity; Viscotek, TriSEC model 302",Celite,GPC,toluene,ITO,Au,matching,substrate,un-cross-linked,carbazole–phenylazomethine,Evolutional
ma402475a,Blends,dynamics,star/linear,blends,star,component,blend,“fat”,stars,chains,comparison,well-defined,weights,architectures,“probe”,probe,systems,mixtures,monodisperse,linear,melts,topologies,bidisperse,components,compositions,polybutadiene,Mw = 7.5 kg/mol,Mw = 76.0 kg/mol,polybutadienes,PBds,butadiene,standards,SEC,Waters,columns,precursors,PBd,arm,precursor,star-branched,samples,weight,polydispersity,index,PDI,reference,Tg,slip-links,partner,Kuhn,segment,material,Ns,kg/mol,star-linear,which are the linear chains in our case,arms,rhythm,segments,"Gstar,zone1",“fast”,(shown,"Gsubstar,zone2(t)",“diluted”,"Gstar,zone2(t)",Milner–McLeish,tubes,lengths,ζCR →,ζ0cm,obstacles,sip-spring,beads/arm
ma400597j,poly(3-hexylthiophene),P3HT,polystyrene,PS,χtetrahydrofuran–PS,17.9 ± 0.2 MPa1/2,PS/P3HT,alkyl,chains,material,heterojunction,BHJ,acceptor,thicknesses,As-cast,blends,PCBM,substrates,compatibility,P3AT–solvent,middle,THF,compositions,χTHF–P3HT = 0.35,χTHF–P3HT = 1.85,systems,chromatography,system,chloroform,fractions,0.01–0.08,blend,mixtures,formulations,casting,components,CHCl3,0.06–0.69,spin-coated,Polystyrene,weight,wafers,toluene,silicon,spin-coating,coating,892 kg/mol PS,quartz,wafer,indices,from that of the unswollen film,index,"Melles Griot, 25-LHP-928-249, λ = 632.8 nm",PS/P3HT/o-xylene,ternary,kg/mol,1:1 PS:P3HT by weight,Films,volumes,molar,N2-through-solvent,segment,PS/poly(methyl methacrylate),compatibilization,component,matrix,densities,samples,χTHF–P3HT = 1.04 ± 0.04,δP3HT = 14.8 ± 0.2 MPa1/2,composites,comparison
ma2021369,siloxane,weight,polydispersity,permeation,chromatography,GPC,casting,precursor,weights,as-deposited,cast,coatings,precursors,substrate,coating thickness >0.7 μm,PPX,well-defined,compositions,acrylates,coating,material,dyes,nanorods,surfaces,THF,cyclohexane,toluene,chloroform,standard,SDV,columns,PSS,Calibration,polystyrene,column,samples,indium,zinc,standards,aluminum,"126.00 mmol, 1.00 equiv",Si,quartz,walls,Tg,Mn,Mw,trimer,segment,comparison,silicon,"m/z 39, 52",electrospun,hydrophobicity
ma500866f,latex,methacrylate,densities,PMMA,PBA,Tg,chains,formulations,substrate,coatings,particles,surfaces,surfactants,brush,modifiers,modifier,additives,system,binder,dynamics,pack,coils,components,coating,dodecyl,poly(ethylene glycol),linkers,tacticity,middle,gyration,dimensions,lengths,weights,weight,cross-linked,systems,bulk,long-chain,Mn,g/mol,material,reference,ΔTg,oligomers,melts,comparison,samples,segments,relevant to commercial materials,walls,melt,thick,interior,radii,SETTLE,the water,6264 K,5K
ma0600308,CDs,size-exclusion,chromatography,SEC,DP,building,blocks,walls,cellulose,DNA,protein,host,constituents,polystyrene,standard,system,column,columns,Waters,index,Column,tape,toluene,solute,material,permeation,DMAc/LiCl,oligomers,counterparts,eluting,"C5 is actually seen to elute very near M6, reflecting a ΔΔS of only 0.052 J mol-1 K-1 for this pair in DMAc/LiCl",linear,comparison,ΔΔS,≥0.5%
ma5009429,counterparts,Mn,rigid-rod,rod-like,systems,block,graft,surfaces,macroinitiator,system,CHCl3,weight,weights,MW,macromolecules,architectures,star,hybrid,organic–inorganic,macroinitiators,silica,nanoparticles,well-defined,poly(3-hexylthiophene),P3HT,amidine,PBrS,chains,spin-coated,toluene,"including 1H, 13C, 15N, 19F, and 31P",chloroform,dithranol,matrix,column,cross-linked,siloxane,samples,calibrants,PTFE,silicon,wafer,probes,SEC,columns,index,GPC,HPLC,calibration,polystyrene,standards,comparison,MWs,standard,chromatography,solids,additive,Poly-1,substrate,PDI,enantiomers,polydispersity,[Mono-3]/[Cat-2],Mw,end-functionalized,(S)-PPEMC,Poly-2S,grafts,grafting,parent,PPEMC,segment,Tg,spin-coating,wafers,rod,segments,precursor,material
ma400813e,Well-defined,block,agents,weight,index,material,substrates,coatings,styrene,nanocomposites,nanoparticles,chains,polystyrene,poly(meth)acrylate,system,graft,cross-linked,particles,shells,(bio)degradable,nanogels,thiol-functionalized,star,segment,methacrylate,systems,backbones,building,blocks,macromolecules,precursor,well-defined,column,chromatography,silica,bulk,chloroform,THF,poly(DCPVS),weights,CHCl3,Mn,size-exclusion,SEC,Tosoh,HPLC,HLC-8220,columns,Polystyrene,standards,calibration,R-groups,comparison,polydispersity,poly(PVS)s,fragments,[AIBN]0/[macro-CTA]0,10 mM LiBr,indices,samples,segments,acceptor,chromophores,hydrophobic,(more,meth)acrylates,compositions,parent,83–98%,dispersity,high-molecular-weight,components,low-molecular-weight,trithiocarbonates,carbazole-containing,anthracene-containing,GPC
ma902042x,Brush-Grafted,particles,stimuli-sensitive,block,brush-grafted,densities,end-tethered,self-assembled,core,⟨Rrms⟩,brushes,Particles,chains,rod-like,brush,system,"environmental compatibility, responsiveness, etc.",nanocomposites,end-functionalized,well-defined,architectures,weights,polystyrene,PS,silica,monolayer,high-density,gold,nanoparticles,nanotubes,nano-,Langmuir−Blodgett,agents,cross-linked,systems,components,Brushes,diblock,substrate,DP,χA−E and χB−E,χA−S and χB−S,microdomains,“layered”,melt,weight,blend,compositions,near-melt,minority,lengths,Y-shaped,blocks,incompatibility,corona,Merlitz,domains,PVP,toluene,hydrophobic,substrates,carboxyl-terminated,silicon,wafers,3-glycidoxypropyltrimethoxysilane,Tgs,PS/poly(methyl methacrylate),PMMA,ABC,PtBA,PS/PVP,Y-initiator-,mixtures,kDa,wettability,samples,"poly(styrene-co-2,3,4,5,6-pentafluorostyrene)",(PSF)/PVP,segregate,component,PS/PMMA,PMMA-rich,valleys,comparable,poly(tert-butyl acrylate),(PtBA)/PS,styrene,PtBA/PS,poly(acrylic acid),(PAA)/PS,radii,gyration,chloroform,PAA,∼2.5,Mn,phase-separated,RuO4,MW,worm-like,blends,interstitials,stripes,CHCl3,MWs,Tg,matrix,segments,cast,nanopatterns,surfaces,stretched;,PEO,PtBMA,PtBMA-b-poly(glycidyl methacrylate)-b-PS,nanodiamonds,PMAA,microparticles,surfactants,particulate,hydrophilic,coatings,coating,Janus,self-assemble,poly(N-isopropylacrylamide),(PNIPAm)-grafted,air−water,PNIPAm,subphase,Au,polybutadiene,THF,nanorods,circumference,hair,PB,QDs,cores,∼4,QD,spin-coating,spin-coated,water-soluble,(co)polyacrylates,PDEGA,probe,PDEGA/P(DEGA-co-OEGA),nanopolyhedras,microspheres,patchy,nanodomains,monolayers,PVP-grafted,thiol-terminated,"Mn ∼ 1300 Da, PDI = 1.10",shell,PVP-coated,PS-b-PVP,low-molecular-weight,brush-coated,sphere,concave,nanopores
ma401274r,"pyrrolo[3,4-c]pyrrole-1,4-dione",PC71BM,cells,comparison,compositions,parent,system,blend,PC61BM,chloroform,P1,P2,P3,P4,0.50 equiv,P5,weight,chromatography,SEC,Waters,HPLC,index,Polystyrene,standard,o-dichlorobenzene,disk,ITO-coated,substrates,ITO,PEDOT:PSS,spin-coating,spin-coated,electrodes,silicon,Mw,Mn,polydispersity,PDI,chains,octyl,acceptor,fullerene,PCBM,backbones,substrate,BHJ,blends,coarser,domains,material
ma102289w,biomass-based,system,PLLA,thermoplasticity,material,systems,methacrylate,weight,Tg,poly(methyl methacrylate),PMMA,Mn 70 000 and Mw 238 000,bulk,polyester,GPC
ma5016209,Epstein,coil,indium,tin,oxide,ITO,ITO/glass,substrate,bulk
ma3025283,PEG,PCL,Grafts,disulfide-linked,macromonomers,comblike,grafts,styrene,methacrylate,weight,polydispersity,segment,GPC-MALLS,architecture,viscosities,analogue,architectures,star,brushes,topologies,chains,multiarm,miktoarm,core,macroinitiators,star-shaped,ABA,well-defined,self-assembled,nanoobjects,block,PSt,stars,poly(ethylene glycol),"PEG, A",poly(ε-caprolactone),thiol-terminated,high-molecular-weight,comblike-linear,diblock,precursors,branches,high-density,segments,column,mixtures,toluene,"MPEG, Mn = 750, Fluka",THF,chromatography,GPC,PDI,samples,graft,(PEG)x(PCL)y,"50 mM, pH 7.4",Waters,columns,PMMA,permeation,systems,index,dn/dc,weights,system,disks,DP,"Mn,NMR(MI-PCL)",I4.06/(DPPCL – 1)),macromonomer,indices,polystyrene,poly(tert-butyl acrylate),PtBA,poly(methyl methacrylate),poly(N-isopropylacrylamide),PNIPAM,NIPAM,Tg,backbones,noncrystalline,(PM)m,linear,PM,Mn,arm,microdomains,analogues,counterpart,Mw,macromolecules,self-assemble,diameters,nanoparticles,microenvironment,material
ma102524a,P3HT:PCBM,as-cast,system,phase-separated,PCBM,blends,P3HT,silicon,cells,substrates,Tg,weight,melt-quenched,samples,fractions,blend,Mw,Mn,PDI,GPC,rodlike,as-received,comparison,poly(vinyl chloride),material,melt,solvent-cast,casting,compositions,Blends,P3HT-rich,bulk,single-phase,spun-cast,substrate,systems,produced by Rieke Metals,dithranol,matrix,PL-GPS,chloroform,“nanowires”,component,drop-cast,pockets,wafer,Si,Kapton
ma8015568,weights,system,dynamics,systems,oligomers,samples,weight,calibration,material,THF,linear,Mw,Tg,coil,coils,polyamide,chains,surfaces,chromatography,reference,GPC,indexes,index,polystyrene,standards,radii,gyration,SEC,Waters,columns,column,toluene,monodisperse,cells,probe,concave,400 000,yield 15%,51 000,−6.9,35 000,HCl-promoted,chloroform,components,I is hydrophobic and its protonated form is not soluble in aqueous HCl,oligomer,particles,counterparts,volumes,parent,tails,fractions,dimensions,branches,component,chromophores
ma9011208,Tg,spin-labeled,PCHA,polystyrene,PS,poly(methyl acrylate),PMA,poly(propylene glycol),PPG,poly(ethylene glycol),PEG,segments,Tg’s,labels,multilayer,substrate,solids,plates,systems,probe,nitroxides,matrix,dynamics,Poly(ethylene oxide),weight,Mn,Polystyrene,poly(cyclohexyl acrylate),GPC,standards,Poly(ethylene glycol),samples,toluene,reference,indium,standard,quartz,tubes,THF,columns,(Tosoh,TSK,Tosoh,index,chains,probes,PCHA’s,end-labeled,segments;,poly(ethylene oxide),PEO,comparison,material
ma062514%2B,polyesters,polyester,hydrophilicity,systems,substrates,diols,Mn,>1.0,system,weights,Mns,chromatography,SEC,CHCl3,Tg,2.3 × 103−4.4 × 103,material
acs.macromol.5b02713,hydrogels,hydrogel,nanocomposite,particles,cross-linked,systems,silica,nanotubes,cross-linkers,laponite,nanocomposites,chains,Imogolite,aluminosilicate,surfaces,tubes,AlOH,organic/inorganic,hybrid,additives,rods,disk,dispersity,rodlike,weight,samples,molds,quartz,bottle,components,material,Particles,matrix,poly(acrylic acid),PAA,ϕs,densities,matching,cylindrical,rod,system,mesh,semidilute,domains,ternary,lengths,proteins,DNA,well-defined
ma301980w,substrate,poly(vinyl acetate),thicknesses,substrates,gold,aluminum,high-density,dimensions,bulk,dynamics,plasticizers,poly(methyl methacrylate),PMMA,PVAc,chains,Tg,silicon,oxide,samples,electrodes,hydrophilicity,material,hydrophobic,weight,Mw,hydrophobicity,kg/mol,polydispersity,index,PDI,gyration,spin-coating,toluene,disks,surfaces,1.3°,comparison,half-angle,∼75%,plasticizer,PS,phthalate,polystyrene,ones,aluminum-supported,Au,n-octyltrichlorosilane,OTS,systems,poly(tert-butylstyrene),hydrogen-passivated,SiOx,Al2O3,HDMS,thickness-independent
ma301689h,LLDPE,nanocomposite,montmorillonite,fractions,nanoparticles,chains,substrate,nanocomposites,silicates,polyolefin,matrices,nanolayers,tactoids,incompatibility,macromolecules,compatibilizers,polyolefins,compatibility,system,components,PO/clay,matrix,compatibilizer,silicate,weight,clays,sheets,“swelling”,poly(methyl methacrylate),PMMA,toluene,MAH-functionalized,polyethylene,samples,dynamics,abbreviation PE-g-MAH,index,organoclay,indium,standard,Tm = 234.2 K,standards,ϑ,plaques,knife,disk,material,electrodes,plates,composite,comparison,galleries,surfaces,dimensions,Tg,reference,crystalline/amorphous,nanofiller,PE-based,semicrystalline,PE,grafting,MMT,melt,composites,hybrid,organic/inorganic,fillers,architecture
acs.macromol.5b00315,mixtures,spacers,chains,weights,chromatography,SEC,polystyrene,standards,additives,weight,alkyl,Mn,polyketone,linkers,Tg,domains,material
acs.macromol.5b00965,trithiocarbonates,polyacrylates,dispersity,well-defined,linear,nanomaterials,surfaces,systems,cells,weight,ethylene,toluene,THF,chloroform,reference,GPC,chromatography,system,columns,weights,polystyrene,standards,Jordi,"5 μm bead size, Jordi gel fluorinated DVB mixed bed",samples,Mn,poly(methyl acrylate),PMA,volumes,calibration,index,macroinitiators,diblock,column,chains,macroinitiator,block,viscosities,ones,nonpolar,poly(tert-butyl acrylate),PtBA,Đ = 1.06,NIPAM,PNIPAM,resins,cross-linked,(ethylene,hydrogel,acrylates,agents
acs.macromol.5b02276,block,P3HT,polystyrene,fullerenes,PC61BM,acceptor,PPCBM,dynamics,Tg,system,fullerene,systems,self-assemble,incompatibility,blocks,coil–coil,well-defined,components,rod–coil,material,microdomains,poly(3-hexylthiophene),PBI,dispersity,C60,PC71BM,nanocrystals,donor/acceptor,domains,weight,block;,bulk,"SAXS, WAXS",grazing-incidence SAXS,comparison,cells,end-capped,SEC,THF,precursor,aluminum,oxide,chromatography,weights,fractions,reference,Mn,architecture,melts,chains,cross-linked,"Figure 3b, Figures S15 and S16",densities,melt,segments,matrix,PCBM,samples,component,high-Tg,melt-crystallized,drop-cast,spin-coating,Films,chloroform,as-cast
ma102661s,P3PhT,weights,polydispersity,indices,multilayer,sublayers,sublayer,bilayer,bristles,chains,lengths,poly(3-hexylthiophene),P3HT,cells,PT,length;,high-molecular-weight,system,index,PDI,block,chromatography,SEC,THF,silica,column,CHCl3,toluene,Tg,polystyrene,columns,Plgel 5 μm MIXED-C,samples,reference,silicon,Si) substrates,Si,substrate,equivalent,Mn,g/mol,substrates,noncrystalline,backbones,"i.e., crystalline",comparison,interdistance,chloroform,densities,material
ma201665n,polysilanes,molecular weights and good-and-poor solvent ratio,weights,index,rod-like,periphery,alkyl,system,rod,chains,polyfluorene,systems,chromophores,DP,weight,Mw,DNA,THF,silicon,polysilane,polydispersity,poly(methyl-n-propylsilane),reference,n-alkyl,nearest-neighbor,interdistance,segment,rods,nL,indices,LCP,fluids,component,chloroform,core,108 000,zinc,planar-type,surfaces,matrices,toluene,quartz,particles,PTFE,IL,material
acs.macromol.5b00654,Tg,polyimide,weight,Mn,shape-memory,kg/mol,counterparts,bulk,High-temperature,system,thermoset,poly(ether ether ketone),ionomers,PI,coating,PIs,polyimides,chains,polyurethanes,samples,cross-linkers,PAA,sheet,irons,plates,substrate,weights,chromotography,SEC,Waters,index,polydispersity,poly(styrene),standards,material,fragments,THF,chloroform,ones,segments,rubber,micro-Brownian,well-defined,cross-linked,T(0),densities,reference,ΔTg,extenders,systems,macromolecule,extender,thermoplastic,PEEK,dynamics,counterpart
ma802786z,material,building,block,precursor,polyester,PTS,silica,column,chromatography,constituents,polyesters,chains,constituent,bulk,SEC,weights,weight,diol,Tg,standard,polydispersity,index,Tosoh,HPLC,HLC-8120,system,polystyrene,columns,"G2500HXL, and G5000HXL",THF,standards
ma901518w,linear,systems,weight,mixtures,oligomers,chains,particles,pad,Celite,GPC,standard,trimer,column,chromatography,silica,hydrocarbon,"R2 = SMe, 6b, 87% or Ph, 6c, 93%",comparison,precursors,lengths,by 1.46 kcal/mol for 16 and 1.78 kcal/mol for 17,bulk,oligomer,and other oligomeric species,PPO,"poly(2,6-dimethyl-1,4-phenylene ether)",Tg,substrate,weights,THF,material
